Time (ms),Spikeling Vm (mV),Stimulus (%),Total Current Input (a.u.),Synapse 1 Vm (mV),Synapse 1 Input (a.u.),Synapse 2 Vm (mV),Synapse 2 Input (a.u.),Trigger
0,-70.22600075,0,0,-65,0,-65,0,0
0.1,-70.22540378,0,0,-65,0,-65,0,0
0.2,-70.22480835,0,0,-65,0,-65,0,0
0.3,-70.22421446,0,0,-65,0,-65,0,0
0.4,-70.22362211,0,0,-65,0,-65,0,0
0.5,-70.22303129,0,0,-65,0,-65,0,0
0.6,-70.22244201,0,0,-65,0,-65,0,0
0.7,-70.22185425,0,0,-65,0,-65,0,0
0.8,-70.22126801,0,0,-65,0,-65,0,0
0.9,-70.2206833,0,0,-65,0,-65,0,0
1,-70.22010009,0,0,-65,0,-65,0,0
1.1,-70.2195184,0,0,-65,0,-65,0,0
1.2,-70.21893822,0,0,-65,0,-65,0,0
1.3,-70.21835954,0,0,-65,0,-65,0,0
1.4,-70.21778236,0,0,-65,0,-65,0,0
1.5,-70.21720667,0,0,-65,0,-65,0,0
1.6,-70.21663248,0,0,-65,0,-65,0,0
1.7,-70.21605978,0,0,-65,0,-65,0,0
1.8,-70.21548856,0,0,-65,0,-65,0,0
1.9,-70.21491882,0,0,-65,0,-65,0,0
2,-70.21435056,0,0,-65,0,-65,0,0
2.1,-70.21378378,0,0,-65,0,-65,0,0
2.2,-70.21321846,0,0,-65,0,-65,0,0
2.3,-70.21265462,0,0,-65,0,-65,0,0
2.4,-70.21209223,0,0,-65,0,-65,0,0
2.5,-70.21153131,0,0,-65,0,-65,0,0
2.6,-70.21097184,0,0,-65,0,-65,0,0
2.7,-70.21041382,0,0,-65,0,-65,0,0
2.8,-70.20985725,0,0,-65,0,-65,0,0
2.9,-70.20930212,0,0,-65,0,-65,0,0
3,-70.20874844,0,0,-65,0,-65,0,0
3.1,-70.20819619,0,0,-65,0,-65,0,0
3.2,-70.20764538,0,0,-65,0,-65,0,0
3.3,-70.207096,0,0,-65,0,-65,0,0
3.4,-70.20654805,0,0,-65,0,-65,0,0
3.5,-70.20600152,0,0,-65,0,-65,0,0
3.6,-70.2054564,0,0,-65,0,-65,0,0
3.7,-70.20491271,0,0,-65,0,-65,0,0
3.8,-70.20437043,0,0,-65,0,-65,0,0
3.9,-70.20382955,0,0,-65,0,-65,0,0
4,-70.20329008,0,0,-65,0,-65,0,0
4.1,-70.20275202,0,0,-65,0,-65,0,0
4.2,-70.20221535,0,0,-65,0,-65,0,0
4.3,-70.20168008,0,0,-65,0,-65,0,0
4.4,-70.2011462,0,0,-65,0,-65,0,0
4.5,-70.2006137,0,0,-65,0,-65,0,0
4.6,-70.20008259,0,0,-65,0,-65,0,0
4.7,-70.19955287,0,0,-65,0,-65,0,0
4.8,-70.19902452,0,0,-65,0,-65,0,0
4.9,-70.19849754,0,0,-65,0,-65,0,0
5,-70.19797194,0,0,-65,0,-65,0,0
5.1,-70.1974477,0,0,-65,0,-65,0,0
5.2,-70.19692482,0,0,-65,0,-65,0,0
5.3,-70.19640331,0,0,-65,0,-65,0,0
5.4,-70.19588315,0,0,-65,0,-65,0,0
5.5,-70.19536435,0,0,-65,0,-65,0,0
5.6,-70.1948469,0,0,-65,0,-65,0,0
5.7,-70.19433079,0,0,-65,0,-65,0,0
5.8,-70.19381603,0,0,-65,0,-65,0,0
5.9,-70.19330261,0,0,-65,0,-65,0,0
6,-70.19279052,0,0,-65,0,-65,0,0
6.1,-70.19227977,0,0,-65,0,-65,0,0
6.2,-70.19177035,0,0,-65,0,-65,0,0
6.3,-70.19126225,0,0,-65,0,-65,0,0
6.4,-70.19075548,0,0,-65,0,-65,0,0
6.5,-70.19025002,0,0,-65,0,-65,0,0
6.6,-70.18974589,0,0,-65,0,-65,0,0
6.7,-70.18924307,0,0,-65,0,-65,0,0
6.8,-70.18874155,0,0,-65,0,-65,0,0
6.9,-70.18824135,0,0,-65,0,-65,0,0
7,-70.18774244,0,0,-65,0,-65,0,0
7.1,-70.18724484,0,0,-65,0,-65,0,0
7.2,-70.18674854,0,0,-65,0,-65,0,0
7.3,-70.18625352,0,0,-65,0,-65,0,0
7.4,-70.1857598,0,0,-65,0,-65,0,0
7.5,-70.18526737,0,0,-65,0,-65,0,0
7.6,-70.18477622,0,0,-65,0,-65,0,0
7.7,-70.18428635,0,0,-65,0,-65,0,0
7.8,-70.18379775,0,0,-65,0,-65,0,0
7.9,-70.18331044,0,0,-65,0,-65,0,0
8,-70.18282439,0,0,-65,0,-65,0,0
8.1,-70.18233961,0,0,-65,0,-65,0,0
8.2,-70.18185609,0,0,-65,0,-65,0,0
8.3,-70.18137384,0,0,-65,0,-65,0,0
8.4,-70.18089284,0,0,-65,0,-65,0,0
8.5,-70.1804131,0,0,-65,0,-65,0,0
8.6,-70.17993461,0,0,-65,0,-65,0,0
8.7,-70.17945737,0,0,-65,0,-65,0,0
8.8,-70.17898138,0,0,-65,0,-65,0,0
8.9,-70.17850662,0,0,-65,0,-65,0,0
9,-70.17803311,0,0,-65,0,-65,0,0
9.1,-70.17756083,0,0,-65,0,-65,0,0
9.2,-70.17708979,0,0,-65,0,-65,0,0
9.3,-70.17661998,0,0,-65,0,-65,0,0
9.4,-70.17615139,0,0,-65,0,-65,0,0
9.5,-70.17568402,0,0,-65,0,-65,0,0
9.6,-70.17521788,0,0,-65,0,-65,0,0
9.7,-70.17475295,0,0,-65,0,-65,0,0
9.8,-70.17428924,0,0,-65,0,-65,0,0
9.9,-70.17382674,0,0,-65,0,-65,0,0
10,-70.17336545,0,0,-65,0,-65,0,0
10.1,-70.17290536,0,0,-65,0,-65,0,0
10.2,-70.17244648,0,0,-65,0,-65,0,0
10.3,-70.17198879,0,0,-65,0,-65,0,0
10.4,-70.1715323,0,0,-65,0,-65,0,0
10.5,-70.17107701,0,0,-65,0,-65,0,0
10.6,-70.1706229,0,0,-65,0,-65,0,0
10.7,-70.17016998,0,0,-65,0,-65,0,0
10.8,-70.16971825,0,0,-65,0,-65,0,0
10.9,-70.16926769,0,0,-65,0,-65,0,0
11,-70.16881831,0,0,-65,0,-65,0,0
11.1,-70.16837011,0,0,-65,0,-65,0,0
11.2,-70.16792308,0,0,-65,0,-65,0,0
11.3,-70.16747722,0,0,-65,0,-65,0,0
11.4,-70.16703253,0,0,-65,0,-65,0,0
11.5,-70.166589,0,0,-65,0,-65,0,0
11.6,-70.16614663,0,0,-65,0,-65,0,0
11.7,-70.16570541,0,0,-65,0,-65,0,0
11.8,-70.16526535,0,0,-65,0,-65,0,0
11.9,-70.16482644,0,0,-65,0,-65,0,0
12,-70.16438868,0,0,-65,0,-65,0,0
12.1,-70.16395207,0,0,-65,0,-65,0,0
12.2,-70.1635166,0,0,-65,0,-65,0,0
12.3,-70.16308226,0,0,-65,0,-65,0,0
12.4,-70.16264907,0,0,-65,0,-65,0,0
12.5,-70.16221701,0,0,-65,0,-65,0,0
12.6,-70.16178608,0,0,-65,0,-65,0,0
12.7,-70.16135628,0,0,-65,0,-65,0,0
12.8,-70.1609276,0,0,-65,0,-65,0,0
12.9,-70.16050004,0,0,-65,0,-65,0,0
13,-70.16007361,0,0,-65,0,-65,0,0
13.1,-70.15964829,0,0,-65,0,-65,0,0
13.2,-70.15922409,0,0,-65,0,-65,0,0
13.3,-70.15880099,0,0,-65,0,-65,0,0
13.4,-70.15837901,0,0,-65,0,-65,0,0
13.5,-70.15795813,0,0,-65,0,-65,0,0
13.6,-70.15753835,0,0,-65,0,-65,0,0
13.7,-70.15711968,0,0,-65,0,-65,0,0
13.8,-70.1567021,0,0,-65,0,-65,0,0
13.9,-70.15628561,0,0,-65,0,-65,0,0
14,-70.15587022,0,0,-65,0,-65,0,0
14.1,-70.15545591,0,0,-65,0,-65,0,0
14.2,-70.15504269,0,0,-65,0,-65,0,0
14.3,-70.15463055,0,0,-65,0,-65,0,0
14.4,-70.1542195,0,0,-65,0,-65,0,0
14.5,-70.15380952,0,0,-65,0,-65,0,0
14.6,-70.15340061,0,0,-65,0,-65,0,0
14.7,-70.15299278,0,0,-65,0,-65,0,0
14.8,-70.15258602,0,0,-65,0,-65,0,0
14.9,-70.15218032,0,0,-65,0,-65,0,0
15,-70.15177569,0,0,-65,0,-65,0,0
15.1,-70.15137212,0,0,-65,0,-65,0,0
15.2,-70.15096961,0,0,-65,0,-65,0,0
15.3,-70.15056815,0,0,-65,0,-65,0,0
15.4,-70.15016775,0,0,-65,0,-65,0,0
15.5,-70.1497684,0,0,-65,0,-65,0,0
15.6,-70.14937009,0,0,-65,0,-65,0,0
15.7,-70.14897283,0,0,-65,0,-65,0,0
15.8,-70.14857661,0,0,-65,0,-65,0,0
15.9,-70.14818144,0,0,-65,0,-65,0,0
16,-70.14778729,0,0,-65,0,-65,0,0
16.1,-70.14739419,0,0,-65,0,-65,0,0
16.2,-70.14700211,0,0,-65,0,-65,0,0
16.3,-70.14661107,0,0,-65,0,-65,0,0
16.4,-70.14622105,0,0,-65,0,-65,0,0
16.5,-70.14583205,0,0,-65,0,-65,0,0
16.6,-70.14544408,0,0,-65,0,-65,0,0
16.7,-70.14505712,0,0,-65,0,-65,0,0
16.8,-70.14467118,0,0,-65,0,-65,0,0
16.9,-70.14428626,0,0,-65,0,-65,0,0
17,-70.14390234,0,0,-65,0,-65,0,0
17.1,-70.14351944,0,0,-65,0,-65,0,0
17.2,-70.14313754,0,0,-65,0,-65,0,0
17.3,-70.14275664,0,0,-65,0,-65,0,0
17.4,-70.14237674,0,0,-65,0,-65,0,0
17.5,-70.14199784,0,0,-65,0,-65,0,0
17.6,-70.14161994,0,0,-65,0,-65,0,0
17.7,-70.14124303,0,0,-65,0,-65,0,0
17.8,-70.14086711,0,0,-65,0,-65,0,0
17.9,-70.14049218,0,0,-65,0,-65,0,0
18,-70.14011823,0,0,-65,0,-65,0,0
18.1,-70.13974526,0,0,-65,0,-65,0,0
18.2,-70.13937328,0,0,-65,0,-65,0,0
18.3,-70.13900227,0,0,-65,0,-65,0,0
18.4,-70.13863224,0,0,-65,0,-65,0,0
18.5,-70.13826318,0,0,-65,0,-65,0,0
18.6,-70.13789509,0,0,-65,0,-65,0,0
18.7,-70.13752797,0,0,-65,0,-65,0,0
18.8,-70.13716182,0,0,-65,0,-65,0,0
18.9,-70.13679663,0,0,-65,0,-65,0,0
19,-70.13643239,0,0,-65,0,-65,0,0
19.1,-70.13606912,0,0,-65,0,-65,0,0
19.2,-70.1357068,0,0,-65,0,-65,0,0
19.3,-70.13534544,0,0,-65,0,-65,0,0
19.4,-70.13498502,0,0,-65,0,-65,0,0
19.5,-70.13462555,0,0,-65,0,-65,0,0
19.6,-70.13426703,0,0,-65,0,-65,0,0
19.7,-70.13390945,0,0,-65,0,-65,0,0
19.8,-70.13355281,0,0,-65,0,-65,0,0
19.9,-70.13319712,0,0,-65,0,-65,0,0
20,-70.13284235,0,0,-65,0,-65,0,0
20.1,-70.13248852,0,0,-65,0,-65,0,0
20.2,-70.13213562,0,0,-65,0,-65,0,0
20.3,-70.13178365,0,0,-65,0,-65,0,0
20.4,-70.13143261,0,0,-65,0,-65,0,0
20.5,-70.13108249,0,0,-65,0,-65,0,0
20.6,-70.13073329,0,0,-65,0,-65,0,0
20.7,-70.13038502,0,0,-65,0,-65,0,0
20.8,-70.13003765,0,0,-65,0,-65,0,0
20.9,-70.12969121,0,0,-65,0,-65,0,0
21,-70.12934567,0,0,-65,0,-65,0,0
21.1,-70.12900105,0,0,-65,0,-65,0,0
21.2,-70.12865733,0,0,-65,0,-65,0,0
21.3,-70.12831452,0,0,-65,0,-65,0,0
21.4,-70.12797261,0,0,-65,0,-65,0,0
21.5,-70.1276316,0,0,-65,0,-65,0,0
21.6,-70.12729149,0,0,-65,0,-65,0,0
21.7,-70.12695227,0,0,-65,0,-65,0,0
21.8,-70.12661395,0,0,-65,0,-65,0,0
21.9,-70.12627652,0,0,-65,0,-65,0,0
22,-70.12593998,0,0,-65,0,-65,0,0
22.1,-70.12560433,0,0,-65,0,-65,0,0
22.2,-70.12526956,0,0,-65,0,-65,0,0
22.3,-70.12493567,0,0,-65,0,-65,0,0
22.4,-70.12460266,0,0,-65,0,-65,0,0
22.5,-70.12427053,0,0,-65,0,-65,0,0
22.6,-70.12393928,0,0,-65,0,-65,0,0
22.7,-70.1236089,0,0,-65,0,-65,0,0
22.8,-70.12327939,0,0,-65,0,-65,0,0
22.9,-70.12295074,0,0,-65,0,-65,0,0
23,-70.12262297,0,0,-65,0,-65,0,0
23.1,-70.12229606,0,0,-65,0,-65,0,0
23.2,-70.12197001,0,0,-65,0,-65,0,0
23.3,-70.12164482,0,0,-65,0,-65,0,0
23.4,-70.12132048,0,0,-65,0,-65,0,0
23.5,-70.12099701,0,0,-65,0,-65,0,0
23.6,-70.12067438,0,0,-65,0,-65,0,0
23.7,-70.12035261,0,0,-65,0,-65,0,0
23.8,-70.12003168,0,0,-65,0,-65,0,0
23.9,-70.1197116,0,0,-65,0,-65,0,0
24,-70.11939237,0,0,-65,0,-65,0,0
24.1,-70.11907398,0,0,-65,0,-65,0,0
24.2,-70.11875643,0,0,-65,0,-65,0,0
24.3,-70.11843971,0,0,-65,0,-65,0,0
24.4,-70.11812383,0,0,-65,0,-65,0,0
24.5,-70.11780879,0,0,-65,0,-65,0,0
24.6,-70.11749457,0,0,-65,0,-65,0,0
24.7,-70.11718119,0,0,-65,0,-65,0,0
24.8,-70.11686863,0,0,-65,0,-65,0,0
24.9,-70.1165569,0,0,-65,0,-65,0,0
25,-70.11624599,0,0,-65,0,-65,0,0
25.1,-70.1159359,0,0,-65,0,-65,0,0
25.2,-70.11562663,0,0,-65,0,-65,0,0
25.3,-70.11531817,0,0,-65,0,-65,0,0
25.4,-70.11501053,0,0,-65,0,-65,0,0
25.5,-70.1147037,0,0,-65,0,-65,0,0
25.6,-70.11439769,0,0,-65,0,-65,0,0
25.7,-70.11409247,0,0,-65,0,-65,0,0
25.8,-70.11378807,0,0,-65,0,-65,0,0
25.9,-70.11348447,0,0,-65,0,-65,0,0
26,-70.11318167,0,0,-65,0,-65,0,0
26.1,-70.11287967,0,0,-65,0,-65,0,0
26.2,-70.11257847,0,0,-65,0,-65,0,0
26.3,-70.11227806,0,0,-65,0,-65,0,0
26.4,-70.11197845,0,0,-65,0,-65,0,0
26.5,-70.11167963,0,0,-65,0,-65,0,0
26.6,-70.1113816,0,0,-65,0,-65,0,0
26.7,-70.11108435,0,0,-65,0,-65,0,0
26.8,-70.11078789,0,0,-65,0,-65,0,0
26.9,-70.11049222,0,0,-65,0,-65,0,0
27,-70.11019732,0,0,-65,0,-65,0,0
27.1,-70.10990321,0,0,-65,0,-65,0,0
27.2,-70.10960987,0,0,-65,0,-65,0,0
27.3,-70.1093173,0,0,-65,0,-65,0,0
27.4,-70.10902551,0,0,-65,0,-65,0,0
27.5,-70.10873449,0,0,-65,0,-65,0,0
27.6,-70.10844424,5,5,-65,0,-65,0,1
27.7,-69.60815476,5,5,-65,0,-65,0,0
27.8,-69.13731866,5,5,-65,0,-65,0,0
27.9,-68.692392,5,5,-65,0,-65,0,0
28,-68.27033818,5,5,-65,0,-65,0,0
28.1,-67.86853655,5,5,-65,0,-65,0,0
28.2,-67.48470988,5,5,-65,0,-65,0,0
28.3,-67.11686632,5,5,-65,0,-65,0,0
28.4,-66.7632525,5,5,-65,0,-65,0,0
28.5,-66.42231539,5,5,-65,0,-65,0,0
28.6,-66.09267091,5,5,-65,0,-65,0,0
28.7,-65.77307803,5,5,-65,0,-65,0,0
28.8,-65.46241714,5,5,-65,0,-65,0,0
28.9,-65.15967186,5,5,-65,0,-65,0,0
29,-64.86391373,5,5,-65,0,-65,0,0
29.1,-64.57428902,5,5,-65,0,-65,0,0
29.2,-64.29000755,5,5,-65,0,-65,0,0
29.3,-64.0103328,5,5,-65,0,-65,0,0
29.4,-63.73457345,5,5,-65,0,-65,0,0
29.5,-63.46207572,5,5,-65,0,-65,0,0
29.6,-63.19221663,5,5,-65,0,-65,0,0
29.7,-62.92439787,5,5,-65,0,-65,0,0
29.8,-62.65804015,5,5,-65,0,-65,0,0
29.9,-62.39257792,5,5,-65,0,-65,0,0
30,-62.12745446,5,5,-65,0,-65,0,0
30.1,-61.86211706,5,5,-65,0,-65,0,0
30.2,-61.59601232,5,5,-65,0,-65,0,0
30.3,-61.32858149,5,5,-65,0,-65,0,0
30.4,-61.05925574,5,5,-65,0,-65,0,0
30.5,-60.7874512,5,5,-65,0,-65,0,0
30.6,-60.51256385,5,5,-65,0,-65,0,0
30.7,-60.23396399,5,5,-65,0,-65,0,0
30.8,-59.9509903,5,5,-65,0,-65,0,0
30.9,-59.66294332,5,5,-65,0,-65,0,0
31,-59.36907818,5,5,-65,0,-65,0,0
31.1,-59.06859648,5,5,-65,0,-65,0,0
31.2,-58.76063715,5,5,-65,0,-65,0,0
31.3,-58.4442659,5,5,-65,0,-65,0,0
31.4,-58.11846318,5,5,-65,0,-65,0,0
31.5,-57.7821102,5,5,-65,0,-65,0,0
31.6,-57.43397257,5,5,-65,0,-65,0,0
31.7,-57.0726812,5,5,-65,0,-65,0,0
31.8,-56.69670956,5,5,-65,0,-65,0,0
31.9,-56.30434678,5,5,-65,0,-65,0,0
32,-55.89366538,5,5,-65,0,-65,0,0
32.1,-55.46248235,5,5,-65,0,-65,0,0
32.2,-55.00831205,5,5,-65,0,-65,0,0
32.3,-54.52830861,5,5,-65,0,-65,0,0
32.4,-54.01919514,5,5,-65,0,-65,0,0
32.5,-53.47717599,5,5,-65,0,-65,0,0
32.6,-52.8978272,5,5,-65,0,-65,0,0
32.7,-52.27595842,5,5,-65,0,-65,0,0
32.8,-51.60543752,5,5,-65,0,-65,0,0
32.9,-50.87896532,5,5,-65,0,-65,0,0
33,-50.08778357,5,5,-65,0,-65,0,0
33.1,-49.22129159,5,5,-65,0,-65,0,0
33.2,-48.26653732,5,5,-65,0,-65,0,0
33.3,-47.20753186,5,5,-65,0,-65,0,0
33.4,-46.02431288,5,5,-65,0,-65,0,0
33.5,-44.69164376,5,5,-65,0,-65,0,0
33.6,-43.17717358,5,5,-65,0,-65,0,0
33.7,-41.43878187,5,5,-65,0,-65,0,0
33.8,-39.42065928,5,5,-65,0,-65,0,0
33.9,-37.04737326,5,5,-65,0,-65,0,0
34,-34.21461972,5,5,-65,0,-65,0,0
34.1,-30.77432429,5,5,-65,0,-65,0,0
34.2,-26.50970493,5,5,-65,0,-65,0,0
34.3,-21.09162092,5,5,-65,0,-65,0,0
34.4,-13.99800692,5,5,-65,0,-65,0,0
34.5,-4.355395092,5,5,-65,0,-65,0,0
34.6,9.398082257802006,5,5,-65,0,-65,0,0
34.7,-65,5,5,-65,0,-65,0,0
34.8,-65.35170601,5,5,-65,0,-65,0,0
34.9,-65.69476564,5,5,-65,0,-65,0,0
35,-66.02839909,5,5,-65,0,-65,0,0
35.1,-66.3519202,5,5,-65,0,-65,0,0
35.2,-66.66473984,5,5,-65,0,-65,0,0
35.3,-66.96636748,5,5,-65,0,-65,0,0
35.4,-67.25641092,5,5,-65,0,-65,0,0
35.5,-67.53457441,5,5,-65,0,-65,0,0
35.6,-67.80065522,5,5,-65,0,-65,0,0
35.7,-68.05453904,5,5,-65,0,-65,0,0
35.8,-68.29619431,5,5,-65,0,-65,0,0
35.9,-68.52566573,5,5,-65,0,-65,0,0
36,-68.7430673,5,5,-65,0,-65,0,0
36.1,-68.94857491,5,5,-65,0,-65,0,0
36.2,-69.14241884,5,5,-65,0,-65,0,0
36.3,-69.32487627,5,5,-65,0,-65,0,0
36.4,-69.49626399,5,5,-65,0,-65,0,0
36.5,-69.65693136,5,5,-65,0,-65,0,0
36.6,-69.8072537,5,5,-65,0,-65,0,0
36.7,-69.94762617,5,5,-65,0,-65,0,0
36.8,-70.07845812,5,5,-65,0,-65,0,0
36.9,-70.20016795,5,5,-65,0,-65,0,0
37,-70.31317866,5,5,-65,0,-65,0,0
37.1,-70.41791378,5,5,-65,0,-65,0,0
37.2,-70.51479396,5,5,-65,0,-65,0,0
37.3,-70.60423398,5,5,-65,0,-65,0,0
37.4,-70.68664032,5,5,-65,0,-65,0,0
37.5,-70.76240906,5,5,-65,0,-65,0,0
37.6,-70.8319243,0,0,-65,0,-65,0,0
37.7,-71.39555687,0,0,-65,0,-65,0,0
37.8,-71.9190611,0,0,-65,0,-65,0,0
37.9,-72.40290739,0,0,-65,0,-65,0,0
38,-72.84803467,0,0,-65,0,-65,0,0
38.1,-73.25576624,0,0,-65,0,-65,0,0
38.2,-73.62772673,0,0,-65,0,-65,0,0
38.3,-73.96576351,0,0,-65,0,-65,0,0
38.4,-74.27187526,0,0,-65,0,-65,0,0
38.5,-74.54814894,0,0,-65,0,-65,0,0
38.6,-74.79670615,0,0,-65,0,-65,0,0
38.7,-75.01965876,0,0,-65,0,-65,0,0
38.8,-75.21907351,0,0,-65,0,-65,0,0
38.9,-75.39694483,0,0,-65,0,-65,0,0
39,-75.55517491,0,0,-65,0,-65,0,0
39.1,-75.69556005,0,0,-65,0,-65,0,0
39.2,-75.81978224,0,0,-65,0,-65,0,0
39.3,-75.92940504,0,0,-65,0,-65,0,0
39.4,-76.02587281,0,0,-65,0,-65,0,0
39.5,-76.11051255,0,0,-65,0,-65,0,0
39.6,-76.18453772,0,0,-65,0,-65,0,0
39.7,-76.24905342,0,0,-65,0,-65,0,0
39.8,-76.3050624,0,0,-65,0,-65,0,0
39.9,-76.35347176,0,0,-65,0,-65,0,0
40,-76.39509979,0,0,-65,0,-65,0,0
40.1,-76.43068294,0,0,-65,0,-65,0,0
40.2,-76.46088259,0,0,-65,0,-65,0,0
40.3,-76.48629163,0,0,-65,0,-65,0,0
40.4,-76.50744071,0,0,-65,0,-65,0,0
40.5,-76.52480409,0,0,-65,0,-65,0,0
40.6,-76.53880516,0,0,-65,0,-65,0,0
40.7,-76.54982142,0,0,-65,0,-65,0,0
40.8,-76.55818923,0,0,-65,0,-65,0,0
40.9,-76.56420798,0,0,-65,0,-65,0,0
41,-76.56814402,0,0,-65,0,-65,0,0
41.1,-76.57023413,0,0,-65,0,-65,0,0
41.2,-76.57068869,0,0,-65,0,-65,0,0
41.3,-76.56969458,0,0,-65,0,-65,0,0
41.4,-76.5674177,0,0,-65,0,-65,0,0
41.5,-76.56400528,0,0,-65,0,-65,0,0
41.6,-76.55958797,0,0,-65,0,-65,0,0
41.7,-76.55428167,0,0,-65,0,-65,0,0
41.8,-76.54818916,0,0,-65,0,-65,0,0
41.9,-76.54140157,0,0,-65,0,-65,0,0
42,-76.53399974,0,0,-65,0,-65,0,0
42.1,-76.5260553,0,0,-65,0,-65,0,0
42.2,-76.51763177,0,0,-65,0,-65,0,0
42.3,-76.50878544,0,0,-65,0,-65,0,0
42.4,-76.49956623,0,0,-65,0,-65,0,0
42.5,-76.49001836,0,0,-65,0,-65,0,0
42.6,-76.48018105,0,0,-65,0,-65,0,0
42.7,-76.47008905,0,0,-65,0,-65,0,0
42.8,-76.45977316,0,0,-65,0,-65,0,0
42.9,-76.44926069,0,0,-65,0,-65,0,0
43,-76.43857585,0,0,-65,0,-65,0,0
43.1,-76.42774008,0,0,-65,0,-65,0,0
43.2,-76.41677242,0,0,-65,0,-65,0,0
43.3,-76.40568972,0,0,-65,0,-65,0,0
43.4,-76.39450694,0,0,-65,0,-65,0,0
43.5,-76.38323734,0,0,-65,0,-65,0,0
43.6,-76.37189266,0,0,-65,0,-65,0,0
43.7,-76.36048333,0,0,-65,0,-65,0,0
43.8,-76.3490186,0,0,-65,0,-65,0,0
43.9,-76.33750666,0,0,-65,0,-65,0,0
44,-76.32595478,0,0,-65,0,-65,0,0
44.1,-76.31436942,0,0,-65,0,-65,0,0
44.2,-76.30275629,0,0,-65,0,-65,0,0
44.3,-76.29112047,0,0,-65,0,-65,0,0
44.4,-76.27946645,0,0,-65,0,-65,0,0
44.5,-76.26779824,0,0,-65,0,-65,0,0
44.6,-76.25611937,0,0,-65,0,-65,0,0
44.7,-76.24443298,0,0,-65,0,-65,0,0
44.8,-76.23274188,0,0,-65,0,-65,0,0
44.9,-76.22104853,0,0,-65,0,-65,0,0
45,-76.20935512,0,0,-65,0,-65,0,0
45.1,-76.19766361,0,0,-65,0,-65,0,0
45.2,-76.18597572,0,0,-65,0,-65,0,0
45.3,-76.17429298,0,0,-65,0,-65,0,0
45.4,-76.16261677,0,0,-65,0,-65,0,0
45.5,-76.15094828,0,0,-65,0,-65,0,0
45.6,-76.13928858,0,0,-65,0,-65,0,0
45.7,-76.12763863,0,0,-65,0,-65,0,0
45.8,-76.11599926,0,0,-65,0,-65,0,0
45.9,-76.10437123,0,0,-65,0,-65,0,0
46,-76.09275519,0,0,-65,0,-65,0,0
46.1,-76.08115173,0,0,-65,0,-65,0,0
46.2,-76.06956138,0,0,-65,0,-65,0,0
46.3,-76.05798459,0,0,-65,0,-65,0,0
46.4,-76.04642177,0,0,-65,0,-65,0,0
46.5,-76.03487328,0,0,-65,0,-65,0,0
46.6,-76.02333943,0,0,-65,0,-65,0,0
46.7,-76.01182053,0,0,-65,0,-65,0,0
46.8,-76.0003168,0,0,-65,0,-65,0,0
46.9,-75.98882847,0,0,-65,0,-65,0,0
47,-75.97735574,0,0,-65,0,-65,0,0
47.1,-75.96589878,0,0,-65,0,-65,0,0
47.2,-75.95445773,0,0,-65,0,-65,0,0
47.3,-75.94303273,0,0,-65,0,-65,0,0
47.4,-75.9316239,0,0,-65,0,-65,0,0
47.5,-75.92023133,0,0,-65,0,-65,0,0
47.6,-75.90885512,0,0,-65,0,-65,0,0
47.7,-75.89749533,0,0,-65,0,-65,0,0
47.8,-75.88615205,0,0,-65,0,-65,0,0
47.9,-75.87482532,0,0,-65,0,-65,0,0
48,-75.86351519,0,0,-65,0,-65,0,0
48.1,-75.85222172,0,0,-65,0,-65,0,0
48.2,-75.84094492,0,0,-65,0,-65,0,0
48.3,-75.82968485,0,0,-65,0,-65,0,0
48.4,-75.81844151,0,0,-65,0,-65,0,0
48.5,-75.80721493,0,0,-65,0,-65,0,0
48.6,-75.79600513,0,0,-65,0,-65,0,0
48.7,-75.78481212,0,0,-65,0,-65,0,0
48.8,-75.77363591,0,0,-65,0,-65,0,0
48.9,-75.76247651,0,0,-65,0,-65,0,0
49,-75.75133392,0,0,-65,0,-65,0,0
49.1,-75.74020815,0,0,-65,0,-65,0,0
49.2,-75.7290992,0,0,-65,0,-65,0,0
49.3,-75.71800705,0,0,-65,0,-65,0,0
49.4,-75.70693172,0,0,-65,0,-65,0,0
49.5,-75.6958732,0,0,-65,0,-65,0,0
49.6,-75.68483148,0,0,-65,0,-65,0,0
49.7,-75.67380655,0,0,-65,0,-65,0,0
49.8,-75.66279842,0,0,-65,0,-65,0,0
49.9,-75.65180706,0,0,-65,0,-65,0,0
50,-75.64083247,0,0,-65,0,-65,0,0
50.1,-75.62987464,0,0,-65,0,-65,0,0
50.2,-75.61893355,0,0,-65,0,-65,0,0
50.3,-75.60800921,0,0,-65,0,-65,0,0
50.4,-75.59710159,0,0,-65,0,-65,0,0
50.5,-75.58621068,0,0,-65,0,-65,0,0
50.6,-75.57533648,0,0,-65,0,-65,0,0
50.7,-75.56447896,0,0,-65,0,-65,0,0
50.8,-75.55363812,0,0,-65,0,-65,0,0
50.9,-75.54281394,0,0,-65,0,-65,0,0
51,-75.5320064,0,0,-65,0,-65,0,0
51.1,-75.5212155,0,0,-65,0,-65,0,0
51.2,-75.51044122,0,0,-65,0,-65,0,0
51.3,-75.49968354,0,0,-65,0,-65,0,0
51.4,-75.48894245,0,0,-65,0,-65,0,0
51.5,-75.47821794,0,0,-65,0,-65,0,0
51.6,-75.46750998,0,0,-65,0,-65,0,0
51.7,-75.45681857,0,0,-65,0,-65,0,0
51.8,-75.44614369,0,0,-65,0,-65,0,0
51.9,-75.43548533,0,0,-65,0,-65,0,0
52,-75.42484347,0,0,-65,0,-65,0,0
52.1,-75.41421808,0,0,-65,0,-65,0,0
52.2,-75.40360917,0,0,-65,0,-65,0,0
52.3,-75.39301671,0,0,-65,0,-65,0,0
52.4,-75.38244069,0,0,-65,0,-65,0,0
52.5,-75.3718811,0,0,-65,0,-65,0,0
52.6,-75.36133791,0,0,-65,0,-65,0,0
52.7,-75.35081111,0,0,-65,0,-65,0,0
52.8,-75.34030068,0,0,-65,0,-65,0,0
52.9,-75.32980662,0,0,-65,0,-65,0,0
53,-75.3193289,0,0,-65,0,-65,0,0
53.1,-75.30886751,0,0,-65,0,-65,0,0
53.2,-75.29842243,0,0,-65,0,-65,0,0
53.3,-75.28799365,0,0,-65,0,-65,0,0
53.4,-75.27758115,0,0,-65,0,-65,0,0
53.5,-75.26718491,0,0,-65,0,-65,0,0
53.6,-75.25680493,0,0,-65,0,-65,0,0
53.7,-75.24644118,0,0,-65,0,-65,0,0
53.8,-75.23609365,0,0,-65,0,-65,0,0
53.9,-75.22576232,0,0,-65,0,-65,0,0
54,-75.21544717,0,0,-65,0,-65,0,0
54.1,-75.2051482,0,0,-65,0,-65,0,0
54.2,-75.19486539,0,0,-65,0,-65,0,0
54.3,-75.18459871,0,0,-65,0,-65,0,0
54.4,-75.17434816,0,0,-65,0,-65,0,0
54.5,-75.16411371,0,0,-65,0,-65,0,0
54.6,-75.15389536,0,0,-65,0,-65,0,0
54.7,-75.14369308,0,0,-65,0,-65,0,0
54.8,-75.13350686,0,0,-65,0,-65,0,0
54.9,-75.12333669,0,0,-65,0,-65,0,0
55,-75.11318255,0,0,-65,0,-65,0,0
55.1,-75.10304442,0,0,-65,0,-65,0,0
55.2,-75.09292228,0,0,-65,0,-65,0,0
55.3,-75.08281613,0,0,-65,0,-65,0,0
55.4,-75.07272594,0,0,-65,0,-65,0,0
55.5,-75.06265171,0,0,-65,0,-65,0,0
55.6,-75.0525934,0,0,-65,0,-65,0,0
55.7,-75.04255102,0,0,-65,0,-65,0,0
55.8,-75.03252454,0,0,-65,0,-65,0,0
55.9,-75.02251394,0,0,-65,0,-65,0,0
56,-75.01251921,0,0,-65,0,-65,0,0
56.1,-75.00254034,0,0,-65,0,-65,0,0
56.2,-74.99257731,0,0,-65,0,-65,0,0
56.3,-74.9826301,0,0,-65,0,-65,0,0
56.4,-74.9726987,0,0,-65,0,-65,0,0
56.5,-74.9627831,0,0,-65,0,-65,0,0
56.6,-74.95288326,0,0,-65,0,-65,0,0
56.7,-74.94299919,0,0,-65,0,-65,0,0
56.8,-74.93313086,0,0,-65,0,-65,0,0
56.9,-74.92327826,0,0,-65,0,-65,0,0
57,-74.91344138,0,0,-65,0,-65,0,0
57.1,-74.90362019,0,0,-65,0,-65,0,0
57.2,-74.89381468,0,0,-65,0,-65,0,0
57.3,-74.88402484,0,0,-65,0,-65,0,0
57.4,-74.87425065,0,0,-65,0,-65,0,0
57.5,-74.86449209,0,0,-65,0,-65,0,0
57.6,-74.85474916,0,0,-65,0,-65,0,0
57.7,-74.84502182,0,0,-65,0,-65,0,0
57.8,-74.83531007,0,0,-65,0,-65,0,0
57.9,-74.82561389,0,0,-65,0,-65,0,0
58,-74.81593327,0,0,-65,0,-65,0,0
58.1,-74.80626819,0,0,-65,0,-65,0,0
58.2,-74.79661863,0,0,-65,0,-65,0,0
58.3,-74.78698458,0,0,-65,0,-65,0,0
58.4,-74.77736603,0,0,-65,0,-65,0,0
58.5,-74.76776295,0,0,-65,0,-65,0,0
58.6,-74.75817533,0,0,-65,0,-65,0,0
58.7,-74.74860316,0,0,-65,0,-65,0,0
58.8,-74.73904641,0,0,-65,0,-65,0,0
58.9,-74.72950508,0,0,-65,0,-65,0,0
59,-74.71997915,0,0,-65,0,-65,0,0
59.1,-74.71046861,0,0,-65,0,-65,0,0
59.2,-74.70097342,0,0,-65,0,-65,0,0
59.3,-74.69149359,0,0,-65,0,-65,0,0
59.4,-74.6820291,0,0,-65,0,-65,0,0
59.5,-74.67257993,0,0,-65,0,-65,0,0
59.6,-74.66314606,0,0,-65,0,-65,0,0
59.7,-74.65372748,0,0,-65,0,-65,0,0
59.8,-74.64432417,0,0,-65,0,-65,0,0
59.9,-74.63493612,0,0,-65,0,-65,0,0
60,-74.62556331,0,0,-65,0,-65,0,0
60.1,-74.61620572,0,0,-65,0,-65,0,0
60.2,-74.60686335,0,0,-65,0,-65,0,0
60.3,-74.59753617,0,0,-65,0,-65,0,0
60.4,-74.58822417,0,0,-65,0,-65,0,0
60.5,-74.57892733,0,0,-65,0,-65,0,0
60.6,-74.56964564,0,0,-65,0,-65,0,0
60.7,-74.56037909,0,0,-65,0,-65,0,0
60.8,-74.55112764,0,0,-65,0,-65,0,0
60.9,-74.5418913,0,0,-65,0,-65,0,0
61,-74.53267005,0,0,-65,0,-65,0,0
61.1,-74.52346386,0,0,-65,0,-65,0,0
61.2,-74.51427273,0,0,-65,0,-65,0,0
61.3,-74.50509663,0,0,-65,0,-65,0,0
61.4,-74.49593556,0,0,-65,0,-65,0,0
61.5,-74.4867895,0,0,-65,0,-65,0,0
61.6,-74.47765842,0,0,-65,0,-65,0,0
61.7,-74.46854232,0,0,-65,0,-65,0,0
61.8,-74.45944118,0,0,-65,0,-65,0,0
61.9,-74.45035499,0,0,-65,0,-65,0,0
62,-74.44128372,0,0,-65,0,-65,0,0
62.1,-74.43222737,0,0,-65,0,-65,0,0
62.2,-74.42318591,0,0,-65,0,-65,0,0
62.3,-74.41415934,0,0,-65,0,-65,0,0
62.4,-74.40514763,0,0,-65,0,-65,0,0
62.5,-74.39615077,0,0,-65,0,-65,0,0
62.6,-74.38716875,0,0,-65,0,-65,0,0
62.7,-74.37820154,0,0,-65,0,-65,0,0
62.8,-74.36924915,0,0,-65,0,-65,0,0
62.9,-74.36031153,0,0,-65,0,-65,0,0
63,-74.35138869,0,0,-65,0,-65,0,0
63.1,-74.34248061,0,0,-65,0,-65,0,0
63.2,-74.33358727,0,0,-65,0,-65,0,0
63.3,-74.32470866,0,0,-65,0,-65,0,0
63.4,-74.31584475,0,0,-65,0,-65,0,0
63.5,-74.30699554,0,0,-65,0,-65,0,0
63.6,-74.29816101,0,0,-65,0,-65,0,0
63.7,-74.28934114,0,0,-65,0,-65,0,0
63.8,-74.28053592,0,0,-65,0,-65,0,0
63.9,-74.27174534,0,0,-65,0,-65,0,0
64,-74.26296937,0,0,-65,0,-65,0,0
64.1,-74.254208,0,0,-65,0,-65,0,0
64.2,-74.24546121,0,0,-65,0,-65,0,0
64.3,-74.236729,0,0,-65,0,-65,0,0
64.4,-74.22801134,0,0,-65,0,-65,0,0
64.5,-74.21930822,0,0,-65,0,-65,0,0
64.6,-74.21061962,0,0,-65,0,-65,0,0
64.7,-74.20194553,0,0,-65,0,-65,0,0
64.8,-74.19328593,0,0,-65,0,-65,0,0
64.9,-74.18464081,0,0,-65,0,-65,0,0
65,-74.17601015,0,0,-65,0,-65,0,0
65.1,-74.16739394,0,0,-65,0,-65,0,0
65.2,-74.15879215,0,0,-65,0,-65,0,0
65.3,-74.15020478,0,0,-65,0,-65,0,0
65.4,-74.14163181,0,0,-65,0,-65,0,0
65.5,-74.13307323,0,0,-65,0,-65,0,0
65.6,-74.12452901,0,0,-65,0,-65,0,0
65.7,-74.11599914,0,0,-65,0,-65,0,0
65.8,-74.10748361,0,0,-65,0,-65,0,0
65.9,-74.0989824,0,0,-65,0,-65,0,0
66,-74.0904955,0,0,-65,0,-65,0,0
66.1,-74.08202289,0,0,-65,0,-65,0,0
66.2,-74.07356455,0,0,-65,0,-65,0,0
66.3,-74.06512047,0,0,-65,0,-65,0,0
66.4,-74.05669063,0,0,-65,0,-65,0,0
66.5,-74.04827503,0,0,-65,0,-65,0,0
66.6,-74.03987363,0,0,-65,0,-65,0,0
66.7,-74.03148643,0,0,-65,0,-65,0,0
66.8,-74.02311342,0,0,-65,0,-65,0,0
66.9,-74.01475457,0,0,-65,0,-65,0,0
67,-74.00640987,0,0,-65,0,-65,0,0
67.1,-73.99807931,0,0,-65,0,-65,0,0
67.2,-73.98976286,0,0,-65,0,-65,0,0
67.3,-73.98146052,0,0,-65,0,-65,0,0
67.4,-73.97317227,0,0,-65,0,-65,0,0
67.5,-73.96489809,0,0,-65,0,-65,0,0
67.6,-73.95663797,0,0,-65,0,-65,0,0
67.7,-73.9483919,0,0,-65,0,-65,0,0
67.8,-73.94015985,0,0,-65,0,-65,0,0
67.9,-73.93194181,0,0,-65,0,-65,0,0
68,-73.92373776,0,0,-65,0,-65,0,0
68.1,-73.9155477,0,0,-65,0,-65,0,0
68.2,-73.9073716,0,0,-65,0,-65,0,0
68.3,-73.89920945,0,0,-65,0,-65,0,0
68.4,-73.89106123,0,0,-65,0,-65,0,0
68.5,-73.88292693,0,0,-65,0,-65,0,0
68.6,-73.87480654,0,0,-65,0,-65,0,0
68.7,-73.86670003,0,0,-65,0,-65,0,0
68.8,-73.8586074,0,0,-65,0,-65,0,0
68.9,-73.85052862,0,0,-65,0,-65,0,0
69,-73.84246368,0,0,-65,0,-65,0,0
69.1,-73.83441257,0,0,-65,0,-65,0,0
69.2,-73.82637526,0,0,-65,0,-65,0,0
69.3,-73.81835176,0,0,-65,0,-65,0,0
69.4,-73.81034203,0,0,-65,0,-65,0,0
69.5,-73.80234607,0,0,-65,0,-65,0,0
69.6,-73.79436385,0,0,-65,0,-65,0,0
69.7,-73.78639537,0,0,-65,0,-65,0,0
69.8,-73.7784406,0,0,-65,0,-65,0,0
69.9,-73.77049954,0,0,-65,0,-65,0,0
70,-73.76257216,0,0,-65,0,-65,0,0
70.1,-73.75465846,0,0,-65,0,-65,0,0
70.2,-73.74675841,0,0,-65,0,-65,0,0
70.3,-73.738872,0,0,-65,0,-65,0,0
70.4,-73.73099921,0,0,-65,0,-65,0,0
70.5,-73.72314004,0,0,-65,0,-65,0,0
70.6,-73.71529445,0,0,-65,0,-65,0,0
70.7,-73.70746245,0,0,-65,0,-65,0,0
70.8,-73.69964401,0,0,-65,0,-65,0,0
70.9,-73.69183912,0,0,-65,0,-65,0,0
71,-73.68404776,0,0,-65,0,-65,0,0
71.1,-73.67626992,0,0,-65,0,-65,0,0
71.2,-73.66850558,0,0,-65,0,-65,0,0
71.3,-73.66075473,0,0,-65,0,-65,0,0
71.4,-73.65301734,0,0,-65,0,-65,0,0
71.5,-73.64529341,0,0,-65,0,-65,0,0
71.6,-73.63758293,0,0,-65,0,-65,0,0
71.7,-73.62988586,0,0,-65,0,-65,0,0
71.8,-73.62220221,0,0,-65,0,-65,0,0
71.9,-73.61453195,0,0,-65,0,-65,0,0
72,-73.60687506,0,0,-65,0,-65,0,0
72.1,-73.59923155,0,0,-65,0,-65,0,0
72.2,-73.59160137,0,0,-65,0,-65,0,0
72.3,-73.58398453,0,0,-65,0,-65,0,0
72.4,-73.57638101,0,0,-65,0,-65,0,0
72.5,-73.56879079,0,0,-65,0,-65,0,0
72.6,-73.56121385,0,0,-65,0,-65,0,0
72.7,-73.55365019,0,0,-65,0,-65,0,0
72.8,-73.54609978,0,0,-65,0,-65,0,0
72.9,-73.53856261,0,0,-65,0,-65,0,0
73,-73.53103867,0,0,-65,0,-65,0,0
73.1,-73.52352793,0,0,-65,0,-65,0,0
73.2,-73.51603039,0,0,-65,0,-65,0,0
73.3,-73.50854603,0,0,-65,0,-65,0,0
73.4,-73.50107483,0,0,-65,0,-65,0,0
73.5,-73.49361678,0,0,-65,0,-65,0,0
73.6,-73.48617186,0,0,-65,0,-65,0,0
73.7,-73.47874006,0,0,-65,0,-65,0,0
73.8,-73.47132135,0,0,-65,0,-65,0,0
73.9,-73.46391574,0,0,-65,0,-65,0,0
74,-73.4565232,0,0,-65,0,-65,0,0
74.1,-73.44914371,0,0,-65,0,-65,0,0
74.2,-73.44177726,0,0,-65,0,-65,0,0
74.3,-73.43442384,0,0,-65,0,-65,0,0
74.4,-73.42708343,0,0,-65,0,-65,0,0
74.5,-73.41975601,0,0,-65,0,-65,0,0
74.6,-73.41244157,0,0,-65,0,-65,0,0
74.7,-73.4051401,0,0,-65,0,-65,0,0
74.8,-73.39785157,0,0,-65,0,-65,0,0
74.9,-73.39057598,0,0,-65,0,-65,0,0
75,-73.3833133,0,0,-65,0,-65,0,0
75.1,-73.37606353,0,0,-65,0,-65,0,0
75.2,-73.36882664,0,0,-65,0,-65,0,0
75.3,-73.36160263,0,0,-65,0,-65,0,0
75.4,-73.35439147,0,0,-65,0,-65,0,0
75.5,-73.34719315,0,0,-65,0,-65,0,0
75.6,-73.34000766,0,0,-65,0,-65,0,0
75.7,-73.33283498,0,0,-65,0,-65,0,0
75.8,-73.3256751,0,0,-65,0,-65,0,0
75.9,-73.31852799,0,0,-65,0,-65,0,0
76,-73.31139365,0,0,-65,0,-65,0,0
76.1,-73.30427206,0,0,-65,0,-65,0,0
76.2,-73.29716321,0,0,-65,0,-65,0,0
76.3,-73.29006707,0,0,-65,0,-65,0,0
76.4,-73.28298363,0,0,-65,0,-65,0,0
76.5,-73.27591289,0,0,-65,0,-65,0,0
76.6,-73.26885482,0,0,-65,0,-65,0,0
76.7,-73.2618094,0,0,-65,0,-65,0,0
76.8,-73.25477663,0,0,-65,0,-65,0,0
76.9,-73.24775648,0,0,-65,0,-65,0,0
77,-73.24074895,0,0,-65,0,-65,0,0
77.1,-73.23375401,0,0,-65,0,-65,0,0
77.2,-73.22677166,0,0,-65,0,-65,0,0
77.3,-73.21980187,0,0,-65,0,-65,0,0
77.4,-73.21284463,0,0,-65,0,-65,0,0
77.5,-73.20589992,0,0,-65,0,-65,0,0
77.6,-73.19896774,0,0,-65,0,-65,0,0
77.7,-73.19204806,0,0,-65,0,-65,0,0
77.8,-73.18514088,0,0,-65,0,-65,0,0
77.9,-73.17824616,0,0,-65,0,-65,0,0
78,-73.17136391,0,0,-65,0,-65,0,0
78.1,-73.1644941,0,0,-65,0,-65,0,0
78.2,-73.15763672,0,0,-65,0,-65,0,0
78.3,-73.15079175,0,0,-65,0,-65,0,0
78.4,-73.14395919,0,0,-65,0,-65,0,0
78.5,-73.137139,0,0,-65,0,-65,0,0
78.6,-73.13033118,0,0,-65,0,-65,0,0
78.7,-73.12353572,0,0,-65,0,-65,0,0
78.8,-73.11675259,0,0,-65,0,-65,0,0
78.9,-73.10998179,0,0,-65,0,-65,0,0
79,-73.10322329,0,0,-65,0,-65,0,0
79.1,-73.09647708,0,0,-65,0,-65,0,0
79.2,-73.08974316,0,0,-65,0,-65,0,0
79.3,-73.08302149,0,0,-65,0,-65,0,0
79.4,-73.07631207,0,0,-65,0,-65,0,0
79.5,-73.06961488,0,0,-65,0,-65,0,0
79.6,-73.0629299,0,0,-65,0,-65,0,0
79.7,-73.05625713,0,0,-65,0,-65,0,0
79.8,-73.04959654,0,0,-65,0,-65,0,0
79.9,-73.04294813,0,0,-65,0,-65,0,0
80,-73.03631186,0,0,-65,0,-65,0,0
80.1,-73.02968774,0,0,-65,0,-65,0,0
80.2,-73.02307574,0,0,-65,0,-65,0,0
80.3,-73.01647586,0,0,-65,0,-65,0,0
80.4,-73.00988806,0,0,-65,0,-65,0,0
80.5,-73.00331235,0,0,-65,0,-65,0,0
80.6,-72.9967487,0,0,-65,0,-65,0,0
80.7,-72.9901971,0,0,-65,0,-65,0,0
80.8,-72.98365753,0,0,-65,0,-65,0,0
80.9,-72.97712998,0,0,-65,0,-65,0,0
81,-72.97061444,0,0,-65,0,-65,0,0
81.1,-72.96411088,0,0,-65,0,-65,0,0
81.2,-72.9576193,0,0,-65,0,-65,0,0
81.3,-72.95113967,0,0,-65,0,-65,0,0
81.4,-72.94467199,0,0,-65,0,-65,0,0
81.5,-72.93821624,0,0,-65,0,-65,0,0
81.6,-72.93177239,0,0,-65,0,-65,0,0
81.7,-72.92534045,0,0,-65,0,-65,0,0
81.8,-72.91892039,0,0,-65,0,-65,0,0
81.9,-72.91251219,0,0,-65,0,-65,0,0
82,-72.90611585,0,0,-65,0,-65,0,0
82.1,-72.89973135,0,0,-65,0,-65,0,0
82.2,-72.89335866,0,0,-65,0,-65,0,0
82.3,-72.88699779,0,0,-65,0,-65,0,0
82.4,-72.8806487,0,0,-65,0,-65,0,0
82.5,-72.87431139,0,0,-65,0,-65,0,0
82.6,-72.86798585,0,0,-65,0,-65,0,0
82.7,-72.86167205,0,0,-65,0,-65,0,0
82.8,-72.85536998,0,0,-65,0,-65,0,0
82.9,-72.84907963,0,0,-65,0,-65,0,0
83,-72.84280097,0,0,-65,0,-65,0,0
83.1,-72.83653401,0,0,-65,0,-65,0,0
83.2,-72.83027871,0,0,-65,0,-65,0,0
83.3,-72.82403508,0,0,-65,0,-65,0,0
83.4,-72.81780308,0,0,-65,0,-65,0,0
83.5,-72.81158271,0,0,-65,0,-65,0,0
83.6,-72.80537395,0,0,-65,0,-65,0,0
83.7,-72.79917678,0,0,-65,0,-65,0,0
83.8,-72.7929912,0,0,-65,0,-65,0,0
83.9,-72.78681718,0,0,-65,0,-65,0,0
84,-72.78065471,0,0,-65,0,-65,0,0
84.1,-72.77450378,0,0,-65,0,-65,0,0
84.2,-72.76836436,0,0,-65,0,-65,0,0
84.3,-72.76223646,0,0,-65,0,-65,0,0
84.4,-72.75612004,0,0,-65,0,-65,0,0
84.5,-72.7500151,0,0,-65,0,-65,0,0
84.6,-72.74392162,0,0,-65,0,-65,0,0
84.7,-72.73783958,0,0,-65,0,-65,0,0
84.8,-72.73176897,0,0,-65,0,-65,0,0
84.9,-72.72570978,0,0,-65,0,-65,0,0
85,-72.71966199,0,0,-65,0,-65,0,0
85.1,-72.71362559,0,0,-65,0,-65,0,0
85.2,-72.70760055,0,0,-65,0,-65,0,0
85.3,-72.70158688,0,0,-65,0,-65,0,0
85.4,-72.69558454,0,0,-65,0,-65,0,0
85.5,-72.68959352,0,0,-65,0,-65,0,0
85.6,-72.68361382,0,0,-65,0,-65,0,0
85.7,-72.67764541,0,0,-65,0,-65,0,0
85.8,-72.67168828,0,0,-65,0,-65,0,0
85.9,-72.66574242,0,0,-65,0,-65,0,0
86,-72.65980781,0,0,-65,0,-65,0,0
86.1,-72.65388443,0,0,-65,0,-65,0,0
86.2,-72.64797227,0,0,-65,0,-65,0,0
86.3,-72.64207132,0,0,-65,0,-65,0,0
86.4,-72.63618156,0,0,-65,0,-65,0,0
86.5,-72.63030298,0,0,-65,0,-65,0,0
86.6,-72.62443555,0,0,-65,0,-65,0,0
86.7,-72.61857928,0,0,-65,0,-65,0,0
86.8,-72.61273413,0,0,-65,0,-65,0,0
86.9,-72.6069001,0,0,-65,0,-65,0,0
87,-72.60107716,0,0,-65,0,-65,0,0
87.1,-72.59526532,0,0,-65,0,-65,0,0
87.2,-72.58946455,0,0,-65,0,-65,0,0
87.3,-72.58367483,0,0,-65,0,-65,0,0
87.4,-72.57789615,0,0,-65,0,-65,0,0
87.5,-72.5721285,0,0,-65,0,-65,0,0
87.6,-72.56637186,0,0,-65,0,-65,0,0
87.7,-72.56062622,0,0,-65,0,-65,0,0
87.8,-72.55489156,0,0,-65,0,-65,0,0
87.9,-72.54916786,0,0,-65,0,-65,0,0
88,-72.54345512,0,0,-65,0,-65,0,0
88.1,-72.53775332,0,0,-65,0,-65,0,0
88.2,-72.53206243,0,0,-65,0,-65,0,0
88.3,-72.52638246,0,0,-65,0,-65,0,0
88.4,-72.52071337,0,0,-65,0,-65,0,0
88.5,-72.51505517,0,0,-65,0,-65,0,0
88.6,-72.50940783,0,0,-65,0,-65,0,0
88.7,-72.50377133,0,0,-65,0,-65,0,0
88.8,-72.49814567,0,0,-65,0,-65,0,0
88.9,-72.49253082,0,0,-65,0,-65,0,0
89,-72.48692678,0,0,-65,0,-65,0,0
89.1,-72.48133353,0,0,-65,0,-65,0,0
89.2,-72.47575105,0,0,-65,0,-65,0,0
89.3,-72.47017933,0,0,-65,0,-65,0,0
89.4,-72.46461835,0,0,-65,0,-65,0,0
89.5,-72.45906811,0,0,-65,0,-65,0,0
89.6,-72.45352857,0,0,-65,0,-65,0,0
89.7,-72.44799974,0,0,-65,0,-65,0,0
89.8,-72.44248159,0,0,-65,0,-65,0,0
89.9,-72.43697411,0,0,-65,0,-65,0,0
90,-72.43147729,0,0,-65,0,-65,0,0
90.1,-72.42599111,0,0,-65,0,-65,0,0
90.2,-72.42051555,0,0,-65,0,-65,0,0
90.3,-72.4150506,0,0,-65,0,-65,0,0
90.4,-72.40959625,0,0,-65,0,-65,0,0
90.5,-72.40415248,0,0,-65,0,-65,0,0
90.6,-72.39871928,0,0,-65,0,-65,0,0
90.7,-72.39329663,0,0,-65,0,-65,0,0
90.8,-72.38788452,0,0,-65,0,-65,0,0
90.9,-72.38248292,0,0,-65,0,-65,0,0
91,-72.37709184,0,0,-65,0,-65,0,0
91.1,-72.37171125,0,0,-65,0,-65,0,0
91.2,-72.36634114,0,0,-65,0,-65,0,0
91.3,-72.36098149,0,0,-65,0,-65,0,0
91.4,-72.35563229,0,0,-65,0,-65,0,0
91.5,-72.35029352,0,0,-65,0,-65,0,0
91.6,-72.34496517,0,0,-65,0,-65,0,0
91.7,-72.33964723,0,0,-65,0,-65,0,0
91.8,-72.33433968,0,0,-65,0,-65,0,0
91.9,-72.3290425,0,0,-65,0,-65,0,0
92,-72.32375568,0,0,-65,0,-65,0,0
92.1,-72.31847921,0,0,-65,0,-65,0,0
92.2,-72.31321307,0,0,-65,0,-65,0,0
92.3,-72.30795724,0,0,-65,0,-65,0,0
92.4,-72.30271172,0,0,-65,0,-65,0,0
92.5,-72.29747649,0,0,-65,0,-65,0,0
92.6,-72.29225152,0,0,-65,0,-65,0,0
92.7,-72.28703682,0,0,-65,0,-65,0,0
92.8,-72.28183236,0,0,-65,0,-65,0,0
92.9,-72.27663813,0,0,-65,0,-65,0,0
93,-72.27145411,0,0,-65,0,-65,0,0
93.1,-72.26628029,0,0,-65,0,-65,0,0
93.2,-72.26111665,0,0,-65,0,-65,0,0
93.3,-72.25596319,0,0,-65,0,-65,0,0
93.4,-72.25081988,0,0,-65,0,-65,0,0
93.5,-72.24568671,0,0,-65,0,-65,0,0
93.6,-72.24056367,0,0,-65,0,-65,0,0
93.7,-72.23545074,0,0,-65,0,-65,0,0
93.8,-72.23034791,0,0,-65,0,-65,0,0
93.9,-72.22525516,0,0,-65,0,-65,0,0
94,-72.22017247,0,0,-65,0,-65,0,0
94.1,-72.21509985,0,0,-65,0,-65,0,0
94.2,-72.21003726,0,0,-65,0,-65,0,0
94.3,-72.20498469,0,0,-65,0,-65,0,0
94.4,-72.19994213,0,0,-65,0,-65,0,0
94.5,-72.19490957,0,0,-65,0,-65,0,0
94.6,-72.18988699,0,0,-65,0,-65,0,0
94.7,-72.18487438,0,0,-65,0,-65,0,0
94.8,-72.17987172,0,0,-65,0,-65,0,0
94.9,-72.174879,0,0,-65,0,-65,0,0
95,-72.16989619,0,0,-65,0,-65,0,0
95.1,-72.1649233,0,0,-65,0,-65,0,0
95.2,-72.1599603,0,0,-65,0,-65,0,0
95.3,-72.15500718,0,0,-65,0,-65,0,0
95.4,-72.15006392,0,0,-65,0,-65,0,0
95.5,-72.14513052,0,0,-65,0,-65,0,0
95.6,-72.14020695,0,0,-65,0,-65,0,0
95.7,-72.1352932,0,0,-65,0,-65,0,0
95.8,-72.13038926,0,0,-65,0,-65,0,0
95.9,-72.12549511,0,0,-65,0,-65,0,0
96,-72.12061074,0,0,-65,0,-65,0,0
96.1,-72.11573613,0,0,-65,0,-65,0,0
96.2,-72.11087127,0,0,-65,0,-65,0,0
96.3,-72.10601615,0,0,-65,0,-65,0,0
96.4,-72.10117075,0,0,-65,0,-65,0,0
96.5,-72.09633505,0,0,-65,0,-65,0,0
96.6,-72.09150904,0,0,-65,0,-65,0,0
96.7,-72.08669271,0,0,-65,0,-65,0,0
96.8,-72.08188605,0,0,-65,0,-65,0,0
96.9,-72.07708903,0,0,-65,0,-65,0,0
97,-72.07230165,0,0,-65,0,-65,0,0
97.1,-72.06752388,0,0,-65,0,-65,0,0
97.2,-72.06275572,0,0,-65,0,-65,0,0
97.3,-72.05799715,0,0,-65,0,-65,0,0
97.4,-72.05324816,0,0,-65,0,-65,0,0
97.5,-72.04850873,0,0,-65,0,-65,0,0
97.6,-72.04377885,0,0,-65,0,-65,0,0
97.7,-72.0390585,0,0,-65,0,-65,0,0
97.8,-72.03434767,0,0,-65,0,-65,0,0
97.9,-72.02964635,0,0,-65,0,-65,0,0
98,-72.02495451,0,0,-65,0,-65,0,0
98.1,-72.02027216,0,0,-65,0,-65,0,0
98.2,-72.01559926,0,0,-65,0,-65,0,0
98.3,-72.01093581,0,0,-65,0,-65,0,0
98.4,-72.0062818,0,0,-65,0,-65,0,0
98.5,-72.0016372,0,0,-65,0,-65,0,0
98.6,-71.99700201,0,0,-65,0,-65,0,0
98.7,-71.99237621,0,0,-65,0,-65,0,0
98.8,-71.98775979,0,0,-65,0,-65,0,0
98.9,-71.98315273,0,0,-65,0,-65,0,0
99,-71.97855502,0,0,-65,0,-65,0,0
99.1,-71.97396664,0,0,-65,0,-65,0,0
99.2,-71.96938758,0,0,-65,0,-65,0,0
99.3,-71.96481782,0,0,-65,0,-65,0,0
99.4,-71.96025736,0,0,-65,0,-65,0,0
99.5,-71.95570617,0,0,-65,0,-65,0,0
99.6,-71.95116425,0,0,-65,0,-65,0,0
99.7,-71.94663157,0,0,-65,0,-65,0,0
99.8,-71.94210813,0,0,-65,0,-65,0,0
99.9,-71.93759391,0,0,-65,0,-65,0,0
100,-71.9330889,0,0,-65,0,-65,0,0
100.1,-71.92859307,0,0,-65,0,-65,0,0
100.2,-71.92410643,0,0,-65,0,-65,0,0
100.3,-71.91962895,0,0,-65,0,-65,0,0
100.4,-71.91516062,0,0,-65,0,-65,0,0
100.5,-71.91070142,0,0,-65,0,-65,0,0
100.6,-71.90625134,0,0,-65,0,-65,0,0
100.7,-71.90181037,0,0,-65,0,-65,0,0
100.8,-71.8973785,0,0,-65,0,-65,0,0
100.9,-71.8929557,0,0,-65,0,-65,0,0
101,-71.88854197,0,0,-65,0,-65,0,0
101.1,-71.88413729,0,0,-65,0,-65,0,0
101.2,-71.87974165,0,0,-65,0,-65,0,0
101.3,-71.87535502,0,0,-65,0,-65,0,0
101.4,-71.87097741,0,0,-65,0,-65,0,0
101.5,-71.86660879,0,0,-65,0,-65,0,0
101.6,-71.86224916,0,0,-65,0,-65,0,0
101.7,-71.85789849,0,0,-65,0,-65,0,0
101.8,-71.85355677,0,0,-65,0,-65,0,0
101.9,-71.84922399,0,0,-65,0,-65,0,0
102,-71.84490013,0,0,-65,0,-65,0,0
102.1,-71.84058519,0,0,-65,0,-65,0,0
102.2,-71.83627914,0,0,-65,0,-65,0,0
102.3,-71.83198197,0,0,-65,0,-65,0,0
102.4,-71.82769368,0,0,-65,0,-65,0,0
102.5,-71.82341423,0,0,-65,0,-65,0,0
102.6,-71.81914363,0,0,-65,0,-65,0,0
102.7,-71.81488186,0,0,-65,0,-65,0,0
102.8,-71.8106289,0,0,-65,0,-65,0,0
102.9,-71.80638473,0,0,-65,0,-65,0,0
103,-71.80214935,0,0,-65,0,-65,0,0
103.1,-71.79792275,0,0,-65,0,-65,0,0
103.2,-71.7937049,0,0,-65,0,-65,0,0
103.3,-71.78949579,0,0,-65,0,-65,0,0
103.4,-71.78529541,0,0,-65,0,-65,0,0
103.5,-71.78110375,0,0,-65,0,-65,0,0
103.6,-71.77692079,0,0,-65,0,-65,0,0
103.7,-71.77274652,0,0,-65,0,-65,0,0
103.8,-71.76858092,0,0,-65,0,-65,0,0
103.9,-71.76442399,0,0,-65,0,-65,0,0
104,-71.76027569,0,0,-65,0,-65,0,0
104.1,-71.75613604,0,0,-65,0,-65,0,0
104.2,-71.752005,0,0,-65,0,-65,0,0
104.3,-71.74788256,0,0,-65,0,-65,0,0
104.4,-71.74376872,0,0,-65,0,-65,0,0
104.5,-71.73966345,0,0,-65,0,-65,0,0
104.6,-71.73556675,0,0,-65,0,-65,0,0
104.7,-71.73147859,0,0,-65,0,-65,0,0
104.8,-71.72739898,0,0,-65,0,-65,0,0
104.9,-71.72332788,0,0,-65,0,-65,0,0
105,-71.7192653,0,0,-65,0,-65,0,0
105.1,-71.71521121,0,0,-65,0,-65,0,0
105.2,-71.7111656,0,0,-65,0,-65,0,0
105.3,-71.70712845,0,0,-65,0,-65,0,0
105.4,-71.70309976,0,0,-65,0,-65,0,0
105.5,-71.69907951,0,0,-65,0,-65,0,0
105.6,-71.69506769,0,0,-65,0,-65,0,0
105.7,-71.69106428,0,0,-65,0,-65,0,0
105.8,-71.68706927,0,0,-65,0,-65,0,0
105.9,-71.68308264,0,0,-65,0,-65,0,0
106,-71.67910439,0,0,-65,0,-65,0,0
106.1,-71.67513449,0,0,-65,0,-65,0,0
106.2,-71.67117294,0,0,-65,0,-65,0,0
106.3,-71.66721972,0,0,-65,0,-65,0,0
106.4,-71.66327482,0,0,-65,0,-65,0,0
106.5,-71.65933822,0,0,-65,0,-65,0,0
106.6,-71.65540991,0,0,-65,0,-65,0,0
106.7,-71.65148987,0,0,-65,0,-65,0,0
106.8,-71.6475781,0,0,-65,0,-65,0,0
106.9,-71.64367458,0,0,-65,0,-65,0,0
107,-71.6397793,0,0,-65,0,-65,0,0
107.1,-71.63589223,0,0,-65,0,-65,0,0
107.2,-71.63201338,0,0,-65,0,-65,0,0
107.3,-71.62814272,0,0,-65,0,-65,0,0
107.4,-71.62428024,0,0,-65,0,-65,0,0
107.5,-71.62042593,0,0,-65,0,-65,0,0
107.6,-71.61657978,0,0,-65,0,-65,0,0
107.7,-71.61274176,0,0,-65,0,-65,0,0
107.8,-71.60891188,0,0,-65,0,-65,0,0
107.9,-71.60509011,0,0,-65,0,-65,0,0
108,-71.60127643,0,0,-65,0,-65,0,0
108.1,-71.59747085,0,0,-65,0,-65,0,0
108.2,-71.59367334,0,0,-65,0,-65,0,0
108.3,-71.58988389,0,0,-65,0,-65,0,0
108.4,-71.58610249,0,0,-65,0,-65,0,0
108.5,-71.58232912,0,0,-65,0,-65,0,0
108.6,-71.57856377,0,0,-65,0,-65,0,0
108.7,-71.57480643,0,0,-65,0,-65,0,0
108.8,-71.57105708,0,0,-65,0,-65,0,0
108.9,-71.56731571,0,0,-65,0,-65,0,0
109,-71.56358231,0,0,-65,0,-65,0,0
109.1,-71.55985687,0,0,-65,0,-65,0,0
109.2,-71.55613936,0,0,-65,0,-65,0,0
109.3,-71.55242978,0,0,-65,0,-65,0,0
109.4,-71.54872811,0,0,-65,0,-65,0,0
109.5,-71.54503434,0,0,-65,0,-65,0,0
109.6,-71.54134846,0,0,-65,0,-65,0,0
109.7,-71.53767046,0,0,-65,0,-65,0,0
109.8,-71.53400031,0,0,-65,0,-65,0,0
109.9,-71.53033801,0,0,-65,0,-65,0,0
110,-71.52668355,0,0,-65,0,-65,0,0
110.1,-71.5230369,0,0,-65,0,-65,0,0
110.2,-71.51939806,0,0,-65,0,-65,0,0
110.3,-71.51576702,0,0,-65,0,-65,0,0
110.4,-71.51214376,0,0,-65,0,-65,0,0
110.5,-71.50852826,0,0,-65,0,-65,0,0
110.6,-71.50492052,0,0,-65,0,-65,0,0
110.7,-71.50132052,0,0,-65,0,-65,0,0
110.8,-71.49772825,0,0,-65,0,-65,0,0
110.9,-71.4941437,0,0,-65,0,-65,0,0
111,-71.49056685,0,0,-65,0,-65,0,0
111.1,-71.48699768,0,0,-65,0,-65,0,0
111.2,-71.48343619,0,0,-65,0,-65,0,0
111.3,-71.47988236,0,0,-65,0,-65,0,0
111.4,-71.47633619,0,0,-65,0,-65,0,0
111.5,-71.47279765,0,0,-65,0,-65,0,0
111.6,-71.46926673,0,0,-65,0,-65,0,0
111.7,-71.46574342,0,0,-65,0,-65,0,0
111.8,-71.46222771,0,0,-65,0,-65,0,0
111.9,-71.45871959,0,0,-65,0,-65,0,0
112,-71.45521903,0,0,-65,0,-65,0,0
112.1,-71.45172603,0,0,-65,0,-65,0,0
112.2,-71.44824058,0,0,-65,0,-65,0,0
112.3,-71.44476266,0,0,-65,0,-65,0,0
112.4,-71.44129226,0,0,-65,0,-65,0,0
112.5,-71.43782936,0,0,-65,0,-65,0,0
112.6,-71.43437396,0,0,-65,0,-65,0,0
112.7,-71.43092604,0,0,-65,0,-65,0,0
112.8,-71.42748559,0,0,-65,0,-65,0,0
112.9,-71.42405259,0,0,-65,0,-65,0,0
113,-71.42062703,0,0,-65,0,-65,0,0
113.1,-71.41720889,0,0,-65,0,-65,0,0
113.2,-71.41379818,0,0,-65,0,-65,0,0
113.3,-71.41039487,0,0,-65,0,-65,0,0
113.4,-71.40699894,0,0,-65,0,-65,0,0
113.5,-71.4036104,0,0,-65,0,-65,0,0
113.6,-71.40022921,0,0,-65,0,-65,0,0
113.7,-71.39685538,0,0,-65,0,-65,0,0
113.8,-71.39348889,0,0,-65,0,-65,0,0
113.9,-71.39012972,0,0,-65,0,-65,0,0
114,-71.38677787,0,0,-65,0,-65,0,0
114.1,-71.38343331,0,0,-65,0,-65,0,0
114.2,-71.38009604,0,0,-65,0,-65,0,0
114.3,-71.37676605,0,0,-65,0,-65,0,0
114.4,-71.37344332,0,0,-65,0,-65,0,0
114.5,-71.37012783,0,0,-65,0,-65,0,0
114.6,-71.36681958,0,0,-65,0,-65,0,0
114.7,-71.36351856,0,0,-65,0,-65,0,0
114.8,-71.36022475,0,0,-65,0,-65,0,0
114.9,-71.35693813,0,0,-65,0,-65,0,0
115,-71.3536587,0,0,-65,0,-65,0,0
115.1,-71.35038644,0,0,-65,0,-65,0,0
115.2,-71.34712134,0,0,-65,0,-65,0,0
115.3,-71.34386339,0,0,-65,0,-65,0,0
115.4,-71.34061257,0,0,-65,0,-65,0,0
115.5,-71.33736888,0,0,-65,0,-65,0,0
115.6,-71.33413229,0,0,-65,0,-65,0,0
115.7,-71.3309028,0,0,-65,0,-65,0,0
115.8,-71.32768039,0,0,-65,0,-65,0,0
115.9,-71.32446506,0,0,-65,0,-65,0,0
116,-71.32125678,0,0,-65,0,-65,0,0
116.1,-71.31805555,0,0,-65,0,-65,0,0
116.2,-71.31486136,0,0,-65,0,-65,0,0
116.3,-71.31167418,0,0,-65,0,-65,0,0
116.4,-71.30849402,0,0,-65,0,-65,0,0
116.5,-71.30532084,0,0,-65,0,-65,0,0
116.6,-71.30215466,0,0,-65,0,-65,0,0
116.7,-71.29899544,0,0,-65,0,-65,0,0
116.8,-71.29584318,0,0,-65,0,-65,0,0
116.9,-71.29269787,0,0,-65,0,-65,0,0
117,-71.2895595,0,0,-65,0,-65,0,0
117.1,-71.28642804,0,0,-65,0,-65,0,0
117.2,-71.28330349,0,0,-65,0,-65,0,0
117.3,-71.28018584,0,0,-65,0,-65,0,0
117.4,-71.27707507,0,0,-65,0,-65,0,0
117.5,-71.27397118,0,0,-65,0,-65,0,0
117.6,-71.27087414,0,0,-65,0,-65,0,0
117.7,-71.26778395,0,0,-65,0,-65,0,0
117.8,-71.26470059,0,0,-65,0,-65,0,0
117.9,-71.26162406,0,0,-65,0,-65,0,0
118,-71.25855433,0,0,-65,0,-65,0,0
118.1,-71.25549141,0,0,-65,0,-65,0,0
118.2,-71.25243526,0,0,-65,0,-65,0,0
118.3,-71.24938589,0,0,-65,0,-65,0,0
118.4,-71.24634329,0,0,-65,0,-65,0,0
118.5,-71.24330742,0,0,-65,0,-65,0,0
118.6,-71.2402783,0,0,-65,0,-65,0,0
118.7,-71.2372559,0,0,-65,0,-65,0,0
118.8,-71.23424021,0,0,-65,0,-65,0,0
118.9,-71.23123122,0,0,-65,0,-65,0,0
119,-71.22822891,0,0,-65,0,-65,0,0
119.1,-71.22523328,0,0,-65,0,-65,0,0
119.2,-71.22224432,0,0,-65,0,-65,0,0
119.3,-71.219262,0,0,-65,0,-65,0,0
119.4,-71.21628632,0,0,-65,0,-65,0,0
119.5,-71.21331727,0,0,-65,0,-65,0,0
119.6,-71.21035483,0,0,-65,0,-65,0,0
119.7,-71.20739899,0,0,-65,0,-65,0,0
119.8,-71.20444975,0,0,-65,0,-65,0,0
119.9,-71.20150708,0,0,-65,0,-65,0,0
120,-71.19857097,0,0,-65,0,-65,0,0
120.1,-71.19564142,0,0,-65,0,-65,0,0
120.2,-71.19271841,0,0,-65,0,-65,0,0
120.3,-71.18980193,0,0,-65,0,-65,0,0
120.4,-71.18689197,0,0,-65,0,-65,0,0
120.5,-71.18398851,0,0,-65,0,-65,0,0
120.6,-71.18109154,0,0,-65,0,-65,0,0
120.7,-71.17820106,0,0,-65,0,-65,0,0
120.8,-71.17531705,0,0,-65,0,-65,0,0
120.9,-71.17243949,0,0,-65,0,-65,0,0
121,-71.16956838,0,0,-65,0,-65,0,0
121.1,-71.1667037,0,0,-65,0,-65,0,0
121.2,-71.16384544,0,0,-65,0,-65,0,0
121.3,-71.16099359,0,0,-65,0,-65,0,0
121.4,-71.15814814,0,0,-65,0,-65,0,0
121.5,-71.15530907,0,0,-65,0,-65,0,0
121.6,-71.15247638,0,0,-65,0,-65,0,0
121.7,-71.14965005,0,0,-65,0,-65,0,0
121.8,-71.14683007,0,0,-65,0,-65,0,0
121.9,-71.14401643,0,0,-65,0,-65,0,0
122,-71.14120911,0,0,-65,0,-65,0,0
122.1,-71.13840811,0,0,-65,0,-65,0,0
122.2,-71.13561342,0,0,-65,0,-65,0,0
122.3,-71.13282501,0,0,-65,0,-65,0,0
122.4,-71.13004288,0,0,-65,0,-65,0,0
122.5,-71.12726702,0,0,-65,0,-65,0,0
122.6,-71.12449741,0,0,-65,0,-65,0,0
122.7,-71.12173405,0,0,-65,0,-65,0,0
122.8,-71.11897692,0,0,-65,0,-65,0,0
122.9,-71.11622601,0,0,-65,0,-65,0,0
123,-71.11348131,0,0,-65,0,-65,0,0
123.1,-71.1107428,0,0,-65,0,-65,0,0
123.2,-71.10801049,0,0,-65,0,-65,0,0
123.3,-71.10528434,0,0,-65,0,-65,0,0
123.4,-71.10256436,0,0,-65,0,-65,0,0
123.5,-71.09985052,0,0,-65,0,-65,0,0
123.6,-71.09714283,0,0,-65,0,-65,0,0
123.7,-71.09444126,0,0,-65,0,-65,0,0
123.8,-71.09174581,0,0,-65,0,-65,0,0
123.9,-71.08905646,0,0,-65,0,-65,0,0
124,-71.08637321,0,0,-65,0,-65,0,0
124.1,-71.08369603,0,0,-65,0,-65,0,0
124.2,-71.08102493,0,0,-65,0,-65,0,0
124.3,-71.07835988,0,0,-65,0,-65,0,0
124.4,-71.07570088,0,0,-65,0,-65,0,0
124.5,-71.07304791,0,0,-65,0,-65,0,0
124.6,-71.07040096,0,0,-65,0,-65,0,0
124.7,-71.06776003,0,0,-65,0,-65,0,0
124.8,-71.0651251,0,0,-65,0,-65,0,0
124.9,-71.06249616,0,0,-65,0,-65,0,0
125,-71.05987319,0,0,-65,0,-65,0,0
125.1,-71.05725619,0,0,-65,0,-65,0,0
125.2,-71.05464514,0,0,-65,0,-65,0,0
125.3,-71.05204004,0,0,-65,0,-65,0,0
125.4,-71.04944087,0,0,-65,0,-65,0,0
125.5,-71.04684762,0,0,-65,0,-65,0,0
125.6,-71.04426028,0,0,-65,0,-65,0,0
125.7,-71.04167883,0,0,-65,0,-65,0,0
125.8,-71.03910327,0,0,-65,0,-65,0,0
125.9,-71.03653359,0,0,-65,0,-65,0,0
126,-71.03396977,0,0,-65,0,-65,0,0
126.1,-71.0314118,0,0,-65,0,-65,0,0
126.2,-71.02885968,0,0,-65,0,-65,0,0
126.3,-71.02631338,0,0,-65,0,-65,0,0
126.4,-71.0237729,0,0,-65,0,-65,0,0
126.5,-71.02123823,0,0,-65,0,-65,0,0
126.6,-71.01870936,0,0,-65,0,-65,0,0
126.7,-71.01618627,0,0,-65,0,-65,0,0
126.8,-71.01366895,0,0,-65,0,-65,0,0
126.9,-71.0111574,0,0,-65,0,-65,0,0
127,-71.0086516,0,0,-65,0,-65,0,0
127.1,-71.00615154,0,0,-65,0,-65,0,0
127.2,-71.0036572,0,0,-65,0,-65,0,0
127.3,-71.00116859,0,0,-65,0,-65,0,0
127.4,-70.99868568,0,0,-65,0,-65,0,0
127.5,-70.99620847,0,0,-65,0,-65,0,0
127.6,-70.99373694,0,0,-65,0,-65,0,0
127.7,-70.99127109,0,0,-65,0,-65,0,0
127.8,-70.28959044,0,0,-65,0,-65,0,0
127.9,-70.28882975,0,0,-65,0,-65,0,0
128,-70.288071,0,0,-65,0,-65,0,0
128.1,-70.2873142,0,0,-65,0,-65,0,0
128.2,-70.28655934,0,0,-65,0,-65,0,0
128.3,-70.28580641,0,0,-65,0,-65,0,0
128.4,-70.28505541,0,0,-65,0,-65,0,0
128.5,-70.28430634,0,0,-65,0,-65,0,0
128.6,-70.28355919,0,0,-65,0,-65,0,0
128.7,-70.28281395,0,0,-65,0,-65,0,0
128.8,-70.28207062,0,0,-65,0,-65,0,0
128.9,-70.28132919,0,0,-65,0,-65,0,0
129,-70.28058967,0,0,-65,0,-65,0,0
129.1,-70.27985204,0,0,-65,0,-65,0,0
129.2,-70.27911631,0,0,-65,0,-65,0,0
129.3,-70.27838246,0,0,-65,0,-65,0,0
129.4,-70.27765049,0,0,-65,0,-65,0,0
129.5,-70.27692041,0,0,-65,0,-65,0,0
129.6,-70.27619219,0,0,-65,0,-65,0,0
129.7,-70.27546585,0,0,-65,0,-65,0,0
129.8,-70.27474137,0,0,-65,0,-65,0,0
129.9,-70.27401875,0,0,-65,0,-65,0,0
130,-70.27329798,0,0,-65,0,-65,0,0
130.1,-70.27257906,0,0,-65,0,-65,0,0
130.2,-70.27186199,0,0,-65,0,-65,0,0
130.3,-70.27114677,0,0,-65,0,-65,0,0
130.4,-70.27043338,0,0,-65,0,-65,0,0
130.5,-70.26972182,0,0,-65,0,-65,0,0
130.6,-70.26901209,0,0,-65,0,-65,0,0
130.7,-70.26830418,0,0,-65,0,-65,0,0
130.8,-70.26759809,0,0,-65,0,-65,0,0
130.9,-70.26689382,0,0,-65,0,-65,0,0
131,-70.26619136,0,0,-65,0,-65,0,0
131.1,-70.2654907,0,0,-65,0,-65,0,0
131.2,-70.26479184,0,0,-65,0,-65,0,0
131.3,-70.26409479,0,0,-65,0,-65,0,0
131.4,-70.26339952,0,0,-65,0,-65,0,0
131.5,-70.26270604,0,0,-65,0,-65,0,0
131.6,-70.26201435,0,0,-65,0,-65,0,0
131.7,-70.26132443,0,0,-65,0,-65,0,0
131.8,-70.26063629,0,0,-65,0,-65,0,0
131.9,-70.25994993,0,0,-65,0,-65,0,0
132,-70.25926532,0,0,-65,0,-65,0,0
132.1,-70.25858248,0,0,-65,0,-65,0,0
132.2,-70.2579014,0,0,-65,0,-65,0,0
132.3,-70.25722207,0,0,-65,0,-65,0,0
132.4,-70.25654449,0,0,-65,0,-65,0,0
132.5,-70.25586865,0,0,-65,0,-65,0,0
132.6,-70.25519456,0,0,-65,0,-65,0,0
132.7,-70.2545222,0,0,-65,0,-65,0,0
132.8,-70.25385157,0,0,-65,0,-65,0,0
132.9,-70.25318267,0,0,-65,0,-65,0,0
133,-70.2525155,0,0,-65,0,-65,0,0
133.1,-70.25185004,0,0,-65,0,-65,0,0
133.2,-70.2511863,0,0,-65,0,-65,0,0
133.3,-70.25052427,0,0,-65,0,-65,0,0
133.4,-70.24986394,0,0,-65,0,-65,0,0
133.5,-70.24920532,0,0,-65,0,-65,0,0
133.6,-70.24854839,0,0,-65,0,-65,0,0
133.7,-70.24789316,0,0,-65,0,-65,0,0
133.8,-70.24723962,0,0,-65,0,-65,0,0
133.9,-70.24658776,0,0,-65,0,-65,0,0
134,-70.24593759,0,0,-65,0,-65,0,0
134.1,-70.24528909,0,0,-65,0,-65,0,0
134.2,-70.24464227,0,0,-65,0,-65,0,0
134.3,-70.24399711,0,0,-65,0,-65,0,0
134.4,-70.24335362,0,0,-65,0,-65,0,0
134.5,-70.24271179,0,0,-65,0,-65,0,0
134.6,-70.24207162,0,0,-65,0,-65,0,0
134.7,-70.2414331,0,0,-65,0,-65,0,0
134.8,-70.24079623,0,0,-65,0,-65,0,0
134.9,-70.240161,0,0,-65,0,-65,0,0
135,-70.23952742,0,0,-65,0,-65,0,0
135.1,-70.23889546,0,0,-65,0,-65,0,0
135.2,-70.23826515,0,0,-65,0,-65,0,0
135.3,-70.23763646,0,0,-65,0,-65,0,0
135.4,-70.23700939,0,0,-65,0,-65,0,0
135.5,-70.23638394,0,0,-65,0,-65,0,0
135.6,-70.23576011,0,0,-65,0,-65,0,0
135.7,-70.2351379,0,0,-65,0,-65,0,0
135.8,-70.23451729,0,0,-65,0,-65,0,0
135.9,-70.23389828,0,0,-65,0,-65,0,0
136,-70.23328087,0,0,-65,0,-65,0,0
136.1,-70.23266507,0,0,-65,0,-65,0,0
136.2,-70.23205085,0,0,-65,0,-65,0,0
136.3,-70.23143822,0,0,-65,0,-65,0,0
136.4,-70.23082718,0,0,-65,0,-65,0,0
136.5,-70.23021771,0,0,-65,0,-65,0,0
136.6,-70.22960982,0,0,-65,0,-65,0,0
136.7,-70.22900351,0,0,-65,0,-65,0,0
136.8,-70.22839876,0,0,-65,0,-65,0,0
136.9,-70.22779558,0,0,-65,0,-65,0,0
137,-70.22719396,0,0,-65,0,-65,0,0
137.1,-70.2265939,0,0,-65,0,-65,0,0
137.2,-70.22599539,0,0,-65,0,-65,0,0
137.3,-70.22539843,0,0,-65,0,-65,0,0
137.4,-70.22480301,0,0,-65,0,-65,0,0
137.5,-70.22420914,0,0,-65,0,-65,0,0
137.6,-70.2236168,0,0,-65,0,-65,0,0
137.7,-70.223026,0,0,-65,0,-65,0,0
137.8,-70.22243673,0,0,-65,0,-65,0,0
137.9,-70.22184898,0,0,-65,0,-65,0,0
138,-70.22126276,0,0,-65,0,-65,0,0
138.1,-70.22067805,0,0,-65,0,-65,0,0
138.2,-70.22009486,0,0,-65,0,-65,0,0
138.3,-70.21951319,0,0,-65,0,-65,0,0
138.4,-70.21893302,0,0,-65,0,-65,0,0
138.5,-70.21835435,0,0,-65,0,-65,0,0
138.6,-70.21777718,0,0,-65,0,-65,0,0
138.7,-70.21720151,0,0,-65,0,-65,0,0
138.8,-70.21662733,0,0,-65,0,-65,0,0
138.9,-70.21605464,0,0,-65,0,-65,0,0
139,-70.21548344,0,0,-65,0,-65,0,0
139.1,-70.21491372,0,0,-65,0,-65,0,0
139.2,-70.21434547,0,0,-65,0,-65,0,0
139.3,-70.2137787,0,0,-65,0,-65,0,0
139.4,-70.2132134,0,0,-65,0,-65,0,0
139.5,-70.21264956,0,0,-65,0,-65,0,0
139.6,-70.21208719,0,0,-65,0,-65,0,0
139.7,-70.21152628,0,0,-65,0,-65,0,0
139.8,-70.21096682,0,0,-65,0,-65,0,0
139.9,-70.21040882,0,0,-65,0,-65,0,0
140,-70.20985226,0,0,-65,0,-65,0,0
140.1,-70.20929715,0,0,-65,0,-65,0,0
140.2,-70.20874348,0,0,-65,0,-65,0,0
140.3,-70.20819124,0,0,-65,0,-65,0,0
140.4,-70.20764045,0,0,-65,0,-65,0,0
140.5,-70.20709108,0,0,-65,0,-65,0,0
140.6,-70.20654313,0,0,-65,0,-65,0,0
140.7,-70.20599662,0,0,-65,0,-65,0,0
140.8,-70.20545152,0,0,-65,0,-65,0,0
140.9,-70.20490783,0,0,-65,0,-65,0,0
141,-70.20436556,0,0,-65,0,-65,0,0
141.1,-70.2038247,0,0,-65,0,-65,0,0
141.2,-70.20328525,0,0,-65,0,-65,0,0
141.3,-70.20274719,0,0,-65,0,-65,0,0
141.4,-70.20221054,0,0,-65,0,-65,0,0
141.5,-70.20167528,0,0,-65,0,-65,0,0
141.6,-70.20114141,0,0,-65,0,-65,0,0
141.7,-70.20060893,0,0,-65,0,-65,0,0
141.8,-70.20007783,0,0,-65,0,-65,0,0
141.9,-70.19954812,0,0,-65,0,-65,0,0
142,-70.19901978,0,0,-65,0,-65,0,0
142.1,-70.19849282,0,0,-65,0,-65,0,0
142.2,-70.19796722,0,0,-65,0,-65,0,0
142.3,-70.197443,0,0,-65,0,-65,0,0
142.4,-70.19692014,0,0,-65,0,-65,0,0
142.5,-70.19639863,0,0,-65,0,-65,0,0
142.6,-70.19587849,0,0,-65,0,-65,0,0
142.7,-70.1953597,0,0,-65,0,-65,0,0
142.8,-70.19484226,0,0,-65,0,-65,0,0
142.9,-70.19432617,0,0,-65,0,-65,0,0
143,-70.19381141,0,0,-65,0,-65,0,0
143.1,-70.193298,0,0,-65,0,-65,0,0
143.2,-70.19278593,0,0,-65,0,-65,0,0
143.3,-70.19227519,0,0,-65,0,-65,0,0
143.4,-70.19176578,0,0,-65,0,-65,0,0
143.5,-70.19125769,0,0,-65,0,-65,0,0
143.6,-70.19075093,0,0,-65,0,-65,0,0
143.7,-70.19024549,0,0,-65,0,-65,0,0
143.8,-70.18974137,0,0,-65,0,-65,0,0
143.9,-70.18923856,0,0,-65,0,-65,0,0
144,-70.18873706,0,0,-65,0,-65,0,0
144.1,-70.18823686,0,0,-65,0,-65,0,0
144.2,-70.18773797,0,0,-65,0,-65,0,0
144.3,-70.18724038,0,0,-65,0,-65,0,0
144.4,-70.18674409,0,0,-65,0,-65,0,0
144.5,-70.18624909,0,0,-65,0,-65,0,0
144.6,-70.18575538,0,0,-65,0,-65,0,0
144.7,-70.18526295,0,0,-65,0,-65,0,0
144.8,-70.18477181,0,0,-65,0,-65,0,0
144.9,-70.18428196,0,0,-65,0,-65,0,0
145,-70.18379337,0,0,-65,0,-65,0,0
145.1,-70.18330607,0,0,-65,0,-65,0,0
145.2,-70.18282003,0,0,-65,0,-65,0,0
145.3,-70.18233526,0,0,-65,0,-65,0,0
145.4,-70.18185176,0,0,-65,0,-65,0,0
145.5,-70.18136952,0,0,-65,0,-65,0,0
145.6,-70.18088853,0,0,-65,0,-65,0,0
145.7,-70.1804088,0,0,-65,0,-65,0,0
145.8,-70.17993032,0,0,-65,0,-65,0,0
145.9,-70.17945309,0,0,-65,0,-65,0,0
146,-70.17897711,0,0,-65,0,-65,0,0
146.1,-70.17850237,0,0,-65,0,-65,0,0
146.2,-70.17802887,0,0,-65,0,-65,0,0
146.3,-70.1775566,0,0,-65,0,-65,0,0
146.4,-70.17708557,0,0,-65,0,-65,0,0
146.5,-70.17661576,0,0,-65,0,-65,0,0
146.6,-70.17614719,0,0,-65,0,-65,0,0
146.7,-70.17567983,0,0,-65,0,-65,0,0
146.8,-70.1752137,0,0,-65,0,-65,0,0
146.9,-70.17474879,0,0,-65,0,-65,0,0
147,-70.17428509,0,0,-65,0,-65,0,0
147.1,-70.1738226,0,0,-65,0,-65,0,0
147.2,-70.17336132,0,0,-65,0,-65,0,0
147.3,-70.17290124,0,0,-65,0,-65,0,0
147.4,-70.17244237,0,0,-65,0,-65,0,0
147.5,-70.17198469,0,0,-65,0,-65,0,0
147.6,-70.17152821,0,0,-65,0,-65,0,0
147.7,-70.17107293,0,0,-65,0,-65,0,0
147.8,-70.17061883,0,0,-65,0,-65,0,0
147.9,-70.17016592,0,0,-65,0,-65,0,0
148,-70.1697142,0,0,-65,0,-65,0,0
148.1,-70.16926365,0,0,-65,0,-65,0,0
148.2,-70.16881429,0,0,-65,0,-65,0,0
148.3,-70.16836609,0,0,-65,0,-65,0,0
148.4,-70.16791908,0,0,-65,0,-65,0,0
148.5,-70.16747323,0,0,-65,0,-65,0,0
148.6,-70.16702854,0,0,-65,0,-65,0,0
148.7,-70.16658502,0,0,-65,0,-65,0,0
148.8,-70.16614266,0,0,-65,0,-65,0,0
148.9,-70.16570146,0,0,-65,0,-65,0,0
149,-70.16526141,0,0,-65,0,-65,0,0
149.1,-70.16482251,0,0,-65,0,-65,0,0
149.2,-70.16438476,0,0,-65,0,-65,0,0
149.3,-70.16394816,0,0,-65,0,-65,0,0
149.4,-70.16351269,0,0,-65,0,-65,0,0
149.5,-70.16307837,0,0,-65,0,-65,0,0
149.6,-70.16264519,0,0,-65,0,-65,0,0
149.7,-70.16221314,0,0,-65,0,-65,0,0
149.8,-70.16178222,0,0,-65,0,-65,0,0
149.9,-70.16135242,0,0,-65,0,-65,0,0
150,-70.16092376,0,0,-65,0,-65,0,0
150.1,-70.16049621,0,0,-65,0,-65,0,0
150.2,-70.16006979,0,0,-65,0,-65,0,0
150.3,-70.15964448,0,0,-65,0,-65,0,0
150.4,-70.15922029,0,0,-65,0,-65,0,0
150.5,-70.1587972,0,0,-65,0,-65,0,0
150.6,-70.15837523,0,0,-65,0,-65,0,0
150.7,-70.15795436,0,0,-65,0,-65,0,0
150.8,-70.15753459,0,0,-65,0,-65,0,0
150.9,-70.15711592,0,0,-65,0,-65,0,0
151,-70.15669835,0,0,-65,0,-65,0,0
151.1,-70.15628188,0,0,-65,0,-65,0,0
151.2,-70.15586649,0,0,-65,0,-65,0,0
151.3,-70.1554522,0,0,-65,0,-65,0,0
151.4,-70.15503899,0,0,-65,0,-65,0,0
151.5,-70.15462686,0,0,-65,0,-65,0,0
151.6,-70.15421581,0,0,-65,0,-65,0,0
151.7,-70.15380584,0,0,-65,0,-65,0,0
151.8,-70.15339695,0,0,-65,0,-65,0,0
151.9,-70.15298913,0,0,-65,0,-65,0,0
152,-70.15258237,0,0,-65,0,-65,0,0
152.1,-70.15217669,0,0,-65,0,-65,0,0
152.2,-70.15177207,0,0,-65,0,-65,0,0
152.3,-70.1513685,0,0,-65,0,-65,0,0
152.4,-70.150966,0,0,-65,0,-65,0,0
152.5,-70.15056455,0,0,-65,0,-65,0,0
152.6,-70.15016416,0,0,-65,0,-65,0,0
152.7,-70.14976482,0,0,-65,0,-65,0,0
152.8,-70.14936652,0,0,-65,0,-65,0,0
152.9,-70.14896927,0,0,-65,0,-65,0,0
153,-70.14857306,0,0,-65,0,-65,0,0
153.1,-70.14817789,0,0,-65,0,-65,0,0
153.2,-70.14778376,0,0,-65,0,-65,0,0
153.3,-70.14739066,0,0,-65,0,-65,0,0
153.4,-70.1469986,0,0,-65,0,-65,0,0
153.5,-70.14660756,0,0,-65,0,-65,0,0
153.6,-70.14621755,0,0,-65,0,-65,0,0
153.7,-70.14582857,0,0,-65,0,-65,0,0
153.8,-70.1454406,0,0,-65,0,-65,0,0
153.9,-70.14505366,0,0,-65,0,-65,0,0
154,-70.14466773,0,0,-65,0,-65,0,0
154.1,-70.14428281,0,0,-65,0,-65,0,0
154.2,-70.1438989,0,0,-65,0,-65,0,0
154.3,-70.14351601,0,0,-65,0,-65,0,0
154.4,-70.14313411,0,0,-65,0,-65,0,0
154.5,-70.14275322,0,0,-65,0,-65,0,0
154.6,-70.14237334,0,0,-65,0,-65,0,0
154.7,-70.14199445,0,0,-65,0,-65,0,0
154.8,-70.14161655,0,0,-65,0,-65,0,0
154.9,-70.14123965,0,0,-65,0,-65,0,0
155,-70.14086374,0,0,-65,0,-65,0,0
155.1,-70.14048881,0,0,-65,0,-65,0,0
155.2,-70.14011488,0,0,-65,0,-65,0,0
155.3,-70.13974192,0,0,-65,0,-65,0,0
155.4,-70.13936994,0,0,-65,0,-65,0,0
155.5,-70.13899895,0,0,-65,0,-65,0,0
155.6,-70.13862892,0,0,-65,0,-65,0,0
155.7,-70.13825987,0,0,-65,0,-65,0,0
155.8,-70.1378918,0,0,-65,0,-65,0,0
155.9,-70.13752468,0,0,-65,0,-65,0,0
156,-70.13715854,0,0,-65,0,-65,0,0
156.1,-70.13679335,0,0,-65,0,-65,0,0
156.2,-70.13642913,0,0,-65,0,-65,0,0
156.3,-70.13606586,0,0,-65,0,-65,0,0
156.4,-70.13570355,0,0,-65,0,-65,0,0
156.5,-70.1353422,0,0,-65,0,-65,0,0
156.6,-70.13498179,0,0,-65,0,-65,0,0
156.7,-70.13462233,0,0,-65,0,-65,0,0
156.8,-70.13426382,0,0,-65,0,-65,0,0
156.9,-70.13390625,0,0,-65,0,-65,0,0
157,-70.13354962,0,0,-65,0,-65,0,0
157.1,-70.13319393,0,0,-65,0,-65,0,0
157.2,-70.13283917,0,0,-65,0,-65,0,0
157.3,-70.13248535,0,0,-65,0,-65,0,0
157.4,-70.13213246,0,0,-65,0,-65,0,0
157.5,-70.1317805,0,0,-65,0,-65,0,0
157.6,-70.13142946,0,0,-65,0,-65,0,0
157.7,-70.13107935,0,0,-65,0,-65,0,0
157.8,-70.13073016,0,0,-65,0,-65,0,0
157.9,-70.13038189,0,0,-65,0,-65,0,0
158,-70.13003454,0,0,-65,0,-65,0,0
158.1,-70.1296881,0,0,-65,0,-65,0,0
158.2,-70.12934257,0,0,-65,0,-65,0,0
158.3,-70.12899796,0,0,-65,0,-65,0,0
158.4,-70.12865425,0,0,-65,0,-65,0,0
158.5,-70.12831144,0,0,-65,0,-65,0,0
158.6,-70.12796954,0,0,-65,0,-65,0,0
158.7,-70.12762854,0,0,-65,0,-65,0,0
158.8,-70.12728844,0,0,-65,0,-65,0,0
158.9,-70.12694923,0,0,-65,0,-65,0,0
159,-70.12661092,0,0,-65,0,-65,0,0
159.1,-70.1262735,0,0,-65,0,-65,0,0
159.2,-70.12593696,0,0,-65,0,-65,0,0
159.3,-70.12560132,0,0,-65,0,-65,0,0
159.4,-70.12526656,0,0,-65,0,-65,0,0
159.5,-70.12493268,0,0,-65,0,-65,0,0
159.6,-70.12459968,0,0,-65,0,-65,0,0
159.7,-70.12426756,0,0,-65,0,-65,0,0
159.8,-70.12393631,0,0,-65,0,-65,0,0
159.9,-70.12360593,0,0,-65,0,-65,0,0
160,-70.12327643,0,0,-65,0,-65,0,0
160.1,-70.1229478,0,0,-65,0,-65,0,0
160.2,-70.12262003,0,0,-65,0,-65,0,0
160.3,-70.12229313,0,0,-65,0,-65,0,0
160.4,-70.12196708,0,0,-65,0,-65,0,0
160.5,-70.1216419,0,0,-65,0,-65,0,0
160.6,-70.12131758,0,0,-65,0,-65,0,0
160.7,-70.12099411,0,0,-65,0,-65,0,0
160.8,-70.12067149,0,0,-65,0,-65,0,0
160.9,-70.12034972,0,0,-65,0,-65,0,0
161,-70.12002881,0,0,-65,0,-65,0,0
161.1,-70.11970874,0,0,-65,0,-65,0,0
161.2,-70.11938951,0,0,-65,0,-65,0,0
161.3,-70.11907112,0,0,-65,0,-65,0,0
161.4,-70.11875358,0,0,-65,0,-65,0,0
161.5,-70.11843687,0,0,-65,0,-65,0,0
161.6,-70.118121,0,0,-65,0,-65,0,0
161.7,-70.11780596,0,0,-65,0,-65,0,0
161.8,-70.11749176,0,0,-65,0,-65,0,0
161.9,-70.11717838,0,0,-65,0,-65,0,0
162,-70.11686583,0,0,-65,0,-65,0,0
162.1,-70.1165541,0,0,-65,0,-65,0,0
162.2,-70.1162432,0,0,-65,0,-65,0,0
162.3,-70.11593312,0,0,-65,0,-65,0,0
162.4,-70.11562385,0,0,-65,0,-65,0,0
162.5,-70.11531541,0,0,-65,0,-65,0,0
162.6,-70.11500777,0,0,-65,0,-65,0,0
162.7,-70.11470095,0,0,-65,0,-65,0,0
162.8,-70.11439494,0,0,-65,0,-65,0,0
162.9,-70.11408974,0,0,-65,0,-65,0,0
163,-70.11378534,0,0,-65,0,-65,0,0
163.1,-70.11348175,0,0,-65,0,-65,0,0
